OutdoorTemperature,Humidity,Direction,AC_Energy_kWh,AC_Time_hours,AC_Fan_Energy_kWh,AC_Fan_Time_hours,PredictedTemperature
25,10,north,-1.1228126998716212,-0.9624108856042468,-0.9958279302432832,-0.8020090713368724,26.447763
25,10,south,-1.0832909902307228,-0.9285351344834767,-0.960775937764153,-0.7737792787362306,26.238409
25,10,east,-1.1030518450511722,-0.9454730100438618,-0.9783019340037183,-0.7878941750365517,26.343086
25,10,west,-1.0931708775399611,-0.9370036093199667,-0.9695384568657989,-0.7808363410999722,26.290745
25,11,north,-1.1130048260272267,-0.9540041365947658,-0.9871292802265285,-0.7950034471623049,26.39581
25,11,south,-1.0734827563190041,-0.9201280768448606,-0.9520769684019741,-0.7667733973707174,26.186453
25,11,east,-1.093244691341426,-0.9370668782926508,-0.9696039226778124,-0.7808890652438757,26.291136
25,11,west,-1.083363723830215,-0.9285974775687558,-0.9608404455398931,-0.7738312313072965,26.238794
25,12,north,-1.1031973122501564,-0.9455976962144198,-0.9784309495551984,-0.7879980801786832,26.343857
25,12,south,-1.0636748824746094,-0.9117213278353795,-0.9433783183852192,-0.7597677731961497,26.134499
25,12,east,-1.0834357372950587,-0.9286592033957647,-0.9609043146247845,-0.7738826694964708,26.239176
25,12,west,-1.0735565701204688,-0.9201913458175447,-0.9521424342139874,-0.7668261215146207,26.186844
25,13,north,-1.093389798473086,-0.9371912558340737,-0.9697326188838683,-0.7809927131950617,26.291904
25,13,south,-1.0538677287648635,-0.9033151960841687,-0.9346803070593134,-0.7527626634034739,26.082548
25,13,east,-1.073628943652637,-0.9202533802736887,-0.952206622644303,-0.7668778168947407,26.187227
25,13,west,-1.06374833620875,-0.9117842881789286,-0.9434434648518081,-0.7598202401491072,26.134888
25,14,north,-1.0835822846960157,-0.9287848154537278,-0.9610342882125379,-0.7739873462114399,26.239952
25,14,south,-1.0440591347858204,-0.8949078298164175,-0.92598101835171,-0.7457565248470147,26.03059
25,14,east,-1.0638203496735938,-0.9118460140059376,-0.9435073339366996,-0.7598716783382816,26.13527
25,14,west,-1.0539401022970314,-0.9033772305403127,-0.9347444954896291,-0.7528143587835939,26.082932
25,15,north,-1.0737744108516212,-0.9203780664442468,-0.9523356381957834,-0.7669817220368725,26.187998
25,15,south,-1.0342523411433986,-0.8865020066943418,-0.9172833263712284,-0.7387516722452847,25.978642
25,15,east,-1.0540128358965235,-0.9034395736255917,-0.9348090032653693,-0.7528663113546598,26.083317
25,15,west,-1.0441322284526369,-0.8949704815308317,-0.9260458454728745,-0.7458087346090264,26.030977
25,16,north,-1.0639665370072267,-0.9119713174347658,-0.9436369881790284,-0.7599760978623048,26.136044
25,16,south,-1.02444410723168,-0.8780949490557256,-0.9085843570090495,-0.7317457908797714,25.926685
25,16,east,-1.044204962052129,-0.8950328246161107,-0.9261103532486148,-0.7458606871800925,26.031363
25,16,west,-1.0343243546082423,-0.8865637325213507,-0.9173471954561199,-0.7388031104344589,25.979023
25,17,north,-1.0541586631628321,-0.9035645684252848,-0.9349383381622738,-0.7529704736877373,26.08409
25,17,south,-1.0146365934546095,-0.8696885086753797,-0.8998860263377193,-0.7247404238961498,25.874733
25,17,east,-1.034397808342383,-0.8866266928648997,-0.9174123419227088,-0.7388555773874165,25.979412
25,17,west,-1.0245161206965236,-0.8781566748827345,-0.9086482260939407,-0.7317972290689455,25.927067
25,18,north,-1.044351149385762,-0.8951581280449388,-0.9262400074909436,-0.7459651067041156,26.032137
25,18,south,-1.004828719610215,-0.8612817596658987,-0.8911873763209645,-0.7177347997215822,25.822779
25,18,east,-1.0245899344979885,-0.8782199438554187,-0.908713691905954,-0.7318499532128488,25.927458
25,18,west,-1.0147082468521291,-0.8697499258732535,-0.899949576077186,-0.7247916048943779,25.875113
25,19,north,-1.036722042920215,-0.888618893931613,-0.9194737166375717,-0.7405157449430108,25.991724
25,19,south,-0.9950212058331447,-0.8528753192855526,-0.8824890456496344,-0.7107294327379606,25.770826
25,19,east,-1.0149275278525784,-0.8699378810164957,-0.9001440574406796,-0.7249482341804131,25.876274
25,19,west,-1.0049014532097071,-0.8613441027511776,-0.8912518840967047,-0.7177867522926481,25.823164
25,20,north,-1.0298116308338088,-0.8826956835718361,-0.9133448392514137,-0.7355797363098634,25.955118
25,20,south,-0.9858319276517579,-0.8449987951300783,-0.8743390310720949,-0.7041656626083986,25.722149
25,20,east,-1.0076044786126175,-0.8636609816679578,-0.8936492101980953,-0.7197174847232982,25.837482
25,20,west,-0.9967178430648634,-0.8543295797698829,-0.8839938012896706,-0.7119413164749026,25.779814
25,21,north,-1.0229015788147269,-0.8767727818411944,-0.9072162812106802,-0.7306439848676619,25.918514
25,21,south,-0.9785095985464455,-0.8387225130398104,-0.8678448225203594,-0.6989354275331754,25.683361
25,21,east,-1.0005478791925781,-0.8576124678793527,-0.8873906785696082,-0.7146770565661275,25.800102
25,21,west,-0.9893955139595509,-0.8480532976796151,-0.8774995927379351,-0.7067110813996793,25.741026
25,22,north,-1.0159908066609964,-0.8708492628522826,-0.9010870844790979,-0.7257077190435688,25.881907
25,22,south,-0.9712826872820509,-0.8325280176703294,-0.8614352405061048,-0.6937733480586079,25.645079
25,22,east,-0.9936363869041994,-0.851688331632171,-0.881260843147177,-0.7097402763601426,25.76349
25,22,west,-0.9824595370931252,-0.8421081746512502,-0.8713480418266408,-0.7017568122093751,25.704285
25,23,north,-1.0090793143726173,-0.8649251266051005,-0.8949572490566666,-0.7207709388375838,25.845295
25,23,south,-0.9643719151283204,-0.8266044986814175,-0.8553060437745224,-0.6888370822345147,25.60847
25,23,east,-0.9867263348851174,-0.8457654299015293,-0.8751322851064435,-0.7048045249179411,25.726887
25,23,west,-0.9755487649393947,-0.8361846556623382,-0.8652188450950584,-0.6968205463852819,25.667677
25,24,north,-1.002168542218887,-0.8590016076161888,-0.8888280523250843,-0.7158346730134907,25.808687
25,24,south,-0.957462583243887,-0.820682214209046,-0.849178124424638,-0.683901845174205,25.57187
25,24,east,-0.9798148425967383,-0.8398412936543471,-0.8690024496840121,-0.6998677447119561,25.690275
25,24,west,-0.9686379927856641,-0.8302611366734264,-0.8590896483634761,-0.6918842805611888,25.63107
25,25,north,-0.9952577700651565,-0.853078088627277,-0.8826988555935021,-0.7108984071893977,25.77208
25,25,south,-0.9505507308881836,-0.8147577693327289,-0.843047969656782,-0.6789648077772741,25.535257
25,25,east,-0.9729037103756838,-0.8339174660363005,-0.8628729336070052,-0.694931221696917,25.653666
25,25,west,-0.9617279407665822,-0.8243382349427847,-0.8529610903227426,-0.6869485291189873,25.594465
25,26,north,-0.9883469979114259,-0.847154569638365,-0.8765696588619194,-0.7059621413653042,25.735472
25,26,south,-0.9436395986671292,-0.8088339417146821,-0.836918453579775,-0.674028284762235,25.498648
25,26,east,-0.9659932982892775,-0.8279942556765236,-0.8567440562208473,-0.6899952130637697,25.61706
25,26,west,-0.9548168085455275,-0.8184144073247379,-0.8468315742457357,-0.6820120061039482,25.557856
25,27,north,-0.9814362257576955,-0.8412310506494532,-0.8704404621303372,-0.7010258755412112,25.698864
25,27,south,-0.9367284664460743,-0.8029101140966352,-0.8307889375027684,-0.669091761747196,25.462038
25,27,east,-0.9590828862028712,-0.8220710453167468,-0.8506151788346895,-0.6850592044306224,25.580454
25,27,west,-0.9479060363917969,-0.812490888335826,-0.8407023775141534,-0.6770757402798552,25.521248
25,28,north,-0.9745250935366409,-0.8353072230314064,-0.8643109460533304,-0.6960893525261721,25.662254
25,28,south,-0.9302620173704299,-0.7973674434603685,-0.8250538130249647,-0.6644728695503072,25.427784
25,28,east,-0.9521724741164649,-0.81614783495697,-0.8444863014485315,-0.680123195797475,25.543848
25,28,west,-0.9409956243053909,-0.8065676779760492,-0.8345735001279955,-0.6721397316467078,25.484642
25,29,north,-0.9676143213829104,-0.8293837040424946,-0.8581817493217481,-0.691153086702079,25.625647
25,29,south,-0.9244303669873829,-0.7923688859891854,-0.8198816945304765,-0.6603074049909878,25.396893
25,29,east,-0.9457125062526565,-0.8106107196451341,-0.8387569251883679,-0.6755089330376117,25.509628
25,29,west,-0.9350714366200196,-0.8014898028171596,-0.8293193098594223,-0.6679081690142998,25.45326
25,30,north,-0.9611633552022072,-0.8238543044590347,-0.8524603566971958,-0.6865452537158624,25.591475
25,30,south,-0.9185987166043361,-0.7873703285180024,-0.8147095760359886,-0.6561419404316686,25.366001
25,30,east,-0.9398812159369337,-0.8056124708030861,-0.8335851260393046,-0.6713437256692386,25.478739
25,30,west,-0.9292397862369728,-0.7964912453459767,-0.8241471913649342,-0.6637427044549806,25.422369
25,31,north,-0.9553317048191602,-0.8188557469878516,-0.8472882382027077,-0.6823797891565431,25.560583
25,31,south,-0.912766706153965,-0.7823714624176843,-0.8095371381960761,-0.6519762186814037,25.335108
25,31,east,-0.9340499256212111,-0.8006142219610382,-0.8284133268902408,-0.6671785183008652,25.44785
25,31,west,-0.923408135853926,-0.7914926878747937,-0.8189750728704462,-0.6595772398956614,25.391478
25,32,north,-0.9495000544361134,-0.8138571895166686,-0.8421161197082198,-0.678214324597224,25.529692
25,32,south,-0.9071781012147656,-0.7775812296126563,-0.8045805778630959,-0.647984358010547,25.305504
25,32,east,-0.9282175551035158,-0.7956150472315849,-0.8232405697049039,-0.6630125393596541,25.416954
25,32,west,-0.9175761254035549,-0.7864938217744756,-0.8138026350305338,-0.6554115181453964,25.360584
25,33,north,-0.9436684040530666,-0.8088586320454857,-0.8369440012137317,-0.6740488600379048,25.4988
25,33,south,-0.9018433437391408,-0.7730085803478349,-0.799849156054357,-0.6441738169565292,25.277245
25,33,east,-0.9223855446531447,-0.790616181131267,-0.8180681318649914,-0.658846817609389,25.38606
25,33,west,-0.9119486331933399,-0.7816702570228627,-0.8088115853917123,-0.6513918808523858,25.330774
25,34,north,-0.9378360335353713,-0.8038594573160325,-0.8317712440283949,-0.6698828810966938,25.467905
25,34,south,-0.8965100265328125,-0.7684371655995536,-0.795119011627316,-0.6403643046662948,25.248993
25,34,east,-0.91671880510459,-0.7857589758039343,-0.8130422735749043,-0.6547991465032786,25.356043
25,34,west,-0.9066145958523634,-0.7770982250163115,-0.8040808022738224,-0.6475818541802596,25.302519
25,35,north,-0.9320040230850002,-0.7988605912157144,-0.8265988061884824,-0.6657171593464287,25.437012
25,35,south,-0.8911763492591604,-0.7638654422221375,-0.7903885478548504,-0.6365545351851144,25.22074
25,35,east,-0.9113847677636134,-0.781186943797383,-0.8083114904570144,-0.6509891198311525,25.327787
25,35,west,-0.9012805585113868,-0.7725261930097601,-0.7993500191559324,-0.6437718275081334,25.274263
25,36,north,-0.926260589196387,-0.7939376478826174,-0.8215049273229862,-0.6616147065688479,25.406588
25,36,south,-0.8858423119181836,-0.759293410215586,-0.7856577647369606,-0.6327445085129885,25.192484
25,36,east,-0.9060510904899611,-0.7766152204199667,-0.8035810266845489,-0.6471793503499723,25.299534
25,36,west,-0.8959468812377346,-0.7679544696323439,-0.7946195553834671,-0.6399620580269534,25.24601
25,37,north,-0.9209265518554103,-0.7893656158760659,-0.8167741442050961,-0.6578046798967216,25.378332
25,37,south,-0.8805079145098831,-0.7547210695798998,-0.7809266622736462,-0.6289342246499164,25.164227
25,37,east,-0.9007170531489845,-0.7720431884134153,-0.7988502435666589,-0.6433693236778462,25.271278
25,37,west,-0.8906128438967579,-0.7633824376257925,-0.7898887722655772,-0.6361520313548272,25.217754
25,38,north,-0.9155925145144339,-0.7847935838695148,-0.8120433610872061,-0.6539946532245955,25.350077
25,38,south,-0.8751742372362306,-0.7501493462024833,-0.7761961985011808,-0.6251244551687362,25.135973
25,38,east,-0.8953830158080079,-0.7674711564068639,-0.7941194604487691,-0.63955929700572,25.243023
25,38,west,-0.8852777263538086,-0.758809479731836,-0.7851570311114138,-0.6323412331098635,25.189493
25,39,north,-0.9102577570388086,-0.7802209346046931,-0.8073119392784674,-0.6501841121705778,25.321817
25,39,south,-0.8698401998952541,-0.7455773141959321,-0.7714654153832908,-0.62131442849661,25.107718
25,39,east,-0.8900496986016799,-0.7628997416585828,-0.7893893160217279,-0.6357497847154855,25.214771
25,39,west,-0.8799451292821291,-0.7542386822418249,-0.7804275253752215,-0.6285322352015207,25.161245
25,40,north,-0.9049244398324808,-0.7756495198564121,-0.8025817948514262,-0.6463745998803433,25.293566
25,40,south,-0.8645061625542775,-0.7410052821893807,-0.7667346322654008,-0.617504401824484,25.079462
25,40,east,-0.8847149411260548,-0.7583270923937613,-0.7846578942129891,-0.6319392436614678,25.186512
25,40,west,-0.874611812075801,-0.7496672674935436,-0.7756973809481807,-0.6247227229112865,25.132994
25,41,north,-0.8995907625588283,-0.7710777964789957,-0.7978513310789607,-0.642564830399163,25.265312
25,41,south,-0.8591732054152735,-0.7364341760702345,-0.7620048071837844,-0.6136951467251954,25.051212
25,41,east,-0.8793809037850783,-0.75375506038721,-0.7799271110950993,-0.6281292169893417,25.158257
25,41,west,-0.8692777747348245,-0.7450952354869924,-0.7709665978302908,-0.6209126962391603,25.104738
25,42,north,-0.8942567252178516,-0.7665057644724442,-0.793120547961071,-0.6387548037270371,25.237057
25,42,south,-0.8538388080069729,-0.7318618354345482,-0.75727370472047,-0.6098848628621234,25.022955
25,42,east,-0.8740479466460744,-0.7491839542680638,-0.7751972860134827,-0.6243199618900531,25.130007
25,42,west,-0.8639430172591994,-0.7405225862221709,-0.7662351760215518,-0.6171021551851423,25.076479
25,43,north,-0.8889230479441994,-0.761934041095028,-0.7883900841886053,-0.6349450342458567,25.208803
25,43,south,-0.8485047706659962,-0.7272898034279968,-0.75254292160258,-0.6060748361899974,24.9947
25,43,east,-0.8687142693724219,-0.7446122308906473,-0.7704668222410171,-0.620510192408873,25.101753
25,43,west,-0.8586097000528713,-0.7359511714738897,-0.7615050315945109,-0.6132926428949081,25.048227
25,44,north,-0.8835890106032228,-0.7573620090884766,-0.7836593010707156,-0.6311350075737306,25.180548
25,44,south,-0.843171453459668,-0.7227183886797155,-0.7478127771755392,-0.6022653238997631,24.966448
25,44,east,-0.8633791518294728,-0.740039272996691,-0.765735081086854,-0.6166993941639092,25.073492
25,44,west,-0.853276022779219,-0.7313794480964734,-0.7567745678220454,-0.6094828734137279,25.019974
25,45,north,-0.8782553333295704,-0.7527902857110603,-0.7789288372982501,-0.6273252380925504,25.152294
25,45,south,-0.8378655013699806,-0.7181704297456977,-0.7431069030007565,-0.5984753581214147,24.938341
25,45,east,-0.858046554757793,-0.7354684755066797,-0.7610055753506618,-0.6128903962555665,25.045244
25,45,west,-0.8479416253709181,-0.7268071074607869,-0.7520434653587311,-0.6056725895506558,24.991716
25,46,north,-0.8729209359212696,-0.748217945075374,-0.7741977348349357,-0.6235149542294784,25.124037
25,46,south,-0.8329044937768947,-0.7139181375230527,-0.738706961742603,-0.5949317812692104,24.912062
25,46,east,-0.8527125174168165,-0.7308964435001285,-0.7562747922327718,-0.6090803695834405,25.016989
25,46,west,-0.8427426132765237,-0.7223508113798774,-0.7474324367750121,-0.6019590094832312,24.964176
25,47,north,-0.8675872586476173,-0.7436462216979577,-0.7694672710624703,-0.6197051847482982,25.095783
25,47,south,-0.8270296353149416,-0.7088825445556642,-0.7334965217971803,-0.5907354537963868,24.880941
25,47,east,-0.8476204453177149,-0.726531810272327,-0.7517586092401163,-0.6054431752269392,24.990015
25,47,west,-0.8377819657507618,-0.7180988277863672,-0.7430328148622828,-0.5984156898219728,24.937899
25,48,north,-0.862337477060508,-0.7391464089090068,-0.7648112147739029,-0.6159553407575057,25.067974
25,48,south,-0.8211234509957813,-0.7038201008535269,-0.7282582987998301,-0.5865167507112725,24.849655
25,48,east,-0.8426601578592775,-0.7222801353079521,-0.7473593066728117,-0.6019001127566268,24.96374
25,48,west,-0.8328213182250002,-0.7138468441928573,-0.7386331929495538,-0.5948723701607144,24.911621
25,49,north,-0.8573757493327735,-0.7348934994280916,-0.7604106348249005,-0.6124112495234098,25.04169
25,49,south,-0.8152161864746486,-0.6987567312639845,-0.7230191177662061,-0.5822972760533204,24.818363
25,49,east,-0.8376987901988673,-0.718027534456172,-0.7429590460692336,-0.5983562787134767,24.937458
25,49,west,-0.8278603106319142,-0.7095945519702122,-0.7342332516914002,-0.5913287933085102,24.885342
25,50,north,-0.8524151018070119,-0.7306415158345816,-0.7560110129121713,-0.6088679298621514,25.015413
25,50,south,-0.8093096420881642,-0.6936939789327122,-0.7177805754234313,-0.5780783157772601,24.787075
25,50,east,-0.8327381426731056,-0.713775550862662,-0.7385594241565044,-0.5948129590522183,24.91118
25,50,west,-0.8224538997587697,-0.7049604855075169,-0.7294382801431946,-0.5874670712562641,24.856703
25,51,north,-0.8474540942139259,-0.7263892236119365,-0.7516110716540177,-0.6053243530099471,24.989134
25,51,south,-0.8034016574323829,-0.6886299920848996,-0.7125407556989588,-0.5738583267374164,24.75578
25,51,east,-0.8277774951473439,-0.7095235672691519,-0.7341598022437753,-0.59126963939096,24.884903
25,51,west,-0.816546995304961,-0.6998974245471095,-0.7241994184549951,-0.5832478537892579,24.825413
25,52,north,-0.8424938067554884,-0.7221375486475614,-0.747211769086713,-0.6017812905396347,24.962858
25,52,south,-0.7974954731132228,-0.6835675483827623,-0.7073025327016085,-0.569639623652302,24.724493
25,52,east,-0.8228157674196095,-0.7052706577882367,-0.7297592222947727,-0.587725548156864,24.85862
25,52,west,-0.810640810985801,-0.6948349808449723,-0.7189611954576448,-0.5790291507041435,24.794127
25,53,north,-0.8375320790277541,-0.7178846391666464,-0.7428111891377105,-0.5982371993055386,24.936575
25,53,south,-0.7915885686594142,-0.678504487422355,-0.702063671013409,-0.5654204061852959,24.693203
25,53,east,-0.8178551198938478,-0.7010186741947267,-0.7253596003820436,-0.5841822284956056,24.832342
25,53,west,-0.8047328263300196,-0.6897709939971597,-0.7137213757331723,-0.5748091616642999,24.76283
25,54,north,-0.8325714315019924,-0.7136326555731364,-0.7384115672249814,-0.5946938796442803,24.910297
25,54,south,-0.7856816642056056,-0.6734414264619477,-0.6968248093252096,-0.5612011887182897,24.661913
25,54,east,-0.8119716198161134,-0.6959756741280972,-0.720141496146434,-0.579979728440081,24.801176
25,54,west,-0.7988266420108595,-0.6847085502950224,-0.7084831527358219,-0.5705904585791853,24.731544
25,55,north,-0.8276111440435548,-0.7093809806087613,-0.7340122646576768,-0.5911508171739678,24.884022
25,55,south,-0.7797747597517969,-0.6683783655015402,-0.6915859476370104,-0.5569819712512836,24.630623
25,55,east,-0.806065075429629,-0.6909129217968248,-0.7149029538036591,-0.5757607681640208,24.769888
25,55,west,-0.7929204576916993,-0.679646106592885,-0.7032449297384715,-0.566371755494071,24.700258
25,56,north,-0.8226490562484963,-0.7051277624987111,-0.7296113653632496,-0.5876064687489259,24.857737
25,56,south,-0.7739423892341017,-0.6633791907720872,-0.6864131904516736,-0.5528159923100727,24.599728
25,56,east,-0.8001585310431447,-0.6858501694655527,-0.7096644114608842,-0.5715418078879605,24.7386
25,56,west,-0.7870135532378907,-0.6745830456324777,-0.6980060680502721,-0.5621525380270648,24.668968
25,57,north,-0.8176887687900587,-0.7008760875343361,-0.725212062795945,-0.5840634062786133,24.83146
25,57,south,-0.768418956480586,-0.6586448198405023,-0.6815144316405197,-0.5488706832004187,24.570469
25,57,east,-0.7942516265893361,-0.6807871085051452,-0.704425549772685,-0.5673225904209543,24.70731
25,57,west,-0.7811062887167579,-0.6695196760429354,-0.6927668870166485,-0.557933063369113,24.637676
25,58,north,-0.8129819687278713,-0.6968416874810325,-0.7210375794074574,-0.5807014062341939,24.806528
25,58,south,-0.7628966039290431,-0.6539113747963227,-0.6766166308656395,-0.5449261456636023,24.541216
25,58,east,-0.7883443620682034,-0.6757237389156029,-0.6991863687390611,-0.5631031157630023,24.676018
25,58,west,-0.7755626921930862,-0.6647680218797881,-0.6878502448617252,-0.5539733515664901,24.60831
25,59,north,-0.8084865281850001,-0.6929884527300001,-0.7170505517831252,-0.5774903772750001,24.782715
25,59,south,-0.757372451040879,-0.6491763866064677,-0.6717172333636368,-0.5409803221720565,24.511953
25,59,east,-0.7827064279055861,-0.6708912239190737,-0.6941860580829305,-0.5590760199325615,24.646152
25,59,west,-0.7700396195068947,-0.6600339595773382,-0.682951805395996,-0.550028299647782,24.579054
25,60,north,-0.803991087642129,-0.6891352179789677,-0.713063524158793,-0.5742793483158064,24.758902
25,60,south,-0.7518486582200392,-0.6444417070457479,-0.6668181552070587,-0.5370347558714565,24.482693
25,60,east,-0.7771826350847463,-0.6661565443583539,-0.6892869799263525,-0.5551304536319617,24.616892
25,60,west,-0.7645158266860549,-0.6552992800166184,-0.6780527272394178,-0.546082733347182,24.549793
30,10,north,0.08888946026255862,0.07619096593933596,0.07883648559000735,0.0634924716161133,25.029135
30,10,south,0.15092473941755863,0.1293640623579074,0.13385587007866806,0.10780338529825616,24.700521
30,10,east,0.11992006226373048,0.10278862479748327,0.10635767426961812,0.08565718733123608,24.86476
30,10,west,0.13542240084064455,0.11607634357769533,0.12010677217414309,0.09673028631474612,24.78264
30,11,north,0.09830918153144534,0.08426501274123886,0.08719088123919853,0.07022084395103238,24.979237
30,11,south,0.16032357678164066,0.1374202086699777,0.1421917436932408,0.11451684055831475,24.650734
30,11,east,0.12931745935851566,0.11084353659301341,0.11469227050249303,0.09236961382751117,24.81498
30,11,west,0.1448194378681055,0.12413094674409042,0.12844104906159357,0.10344245562007535,24.732862
30,12,north,0.1077087390301758,0.09232177631157926,0.09552739354462023,0.07693481359298272,24.929445
30,12,south,0.16972025374177738,0.14547450320723776,0.15052570123526685,0.12122875267269814,24.600958
30,12,east,0.13871449638597658,0.11889813975940851,0.12302654738994352,0.09908178313284043,24.765202
30,12,west,0.1542171950302149,0.13218616716875561,0.13677596463989294,0.11015513930729634,24.68308
30,13,north,0.11710685625960938,0.10037730536537948,0.10386262846834404,0.08364775447114957,24.879662
30,13,south,0.17911765083656253,0.1535294150027679,0.1588602974681418,0.12794117916897324,24.551178
30,13,east,0.1481126136154102,0.12695366881320874,0.13136178231366738,0.10579472401100729,24.715418
30,13,west,0.16361531225964845,0.14024169622255583,0.1451111995636168,0.1168680801854632,24.633297
30,14,north,0.12650497348904302,0.10843283441917972,0.11219786339206791,0.09036069534931644,24.829878
30,14,south,0.18851612813332033,0.16158525268570315,0.1671958517372901,0.134654377238086,24.501392
30,14,east,0.15750965064287112,0.13500827197960383,0.13969605920111783,0.11250689331633652,24.66564
30,14,west,0.1730127093544336,0.14829660801808595,0.15344579579649173,0.1235805066817383,24.583517
30,15,north,0.1359016504491797,0.11648712895643976,0.12053182093409393,0.0970726074636998,24.780102
30,15,south,0.19790848428556643,0.16963584367334267,0.17552597713422263,0.1413632030611189,24.45164
30,15,east,0.16690812793962895,0.1430641096625391,0.14803161347026614,0.11922009138544924,24.615854
30,15,west,0.18241010644921882,0.1563515198136161,0.16178039202936667,0.13029293317801344,24.533737
30,16,north,0.1452994076112891,0.12454234938110494,0.1288667365123933,0.10378529115092079,24.73032
30,16,south,0.20709956280357425,0.17751391097449223,0.1836775884388843,0.14792825914541016,24.402952
30,16,east,0.1763051649670899,0.1511187128289342,0.1563658903577166,0.12593226069077848,24.566076
30,16,west,0.19180786361132815,0.16440674023828125,0.17011530760766608,0.1370056168652344,24.483955
30,17,north,0.15469680470607425,0.13259726117663506,0.13720133274526822,0.11049771764719588,24.68054
30,17,south,0.21581175178037115,0.1849815015260324,0.19140447032901964,0.15415125127169366,24.356802
30,17,east,0.1856787976184766,0.15915325510155137,0.16467940979257747,0.13262771258462616,24.516422
30,17,west,0.20078866281199223,0.17210456812456476,0.1780804211844455,0.14342047343713732,24.436382
30,18,north,0.16409492193550781,0.14065279023043528,0.1455365676689921,0.11721065852536276,24.630756
30,18,south,0.2245232206225196,0.1924484748193025,0.19913071352830602,0.1603737290160854,24.310656
30,18,east,0.19443311447220704,0.16665695526189175,0.17244365509737414,0.13888079605157647,24.470049
30,18,west,0.2095004917214649,0.1795718500469699,0.18580698372915636,0.14964320837247494,24.390234
30,19,north,0.17296518046763676,0.1482558689722601,0.15340364220046354,0.12354655747688338,24.583769
30,19,south,0.2332357696666407,0.19991637399997772,0.20685791476386584,0.16659697833331477,24.264503
30,19,east,0.20318707125861332,0.17416034679309714,0.18020758105674634,0.14513362232758095,24.423677
30,19,west,0.21821268069826175,0.18703944059851008,0.19353386561929167,0.15586620049875838,24.344084
30,20,north,0.18171913725404298,0.15575926050346542,0.16116756815983574,0.12979938375288785,24.537397
30,20,south,0.24194687844146487,0.20738303866411273,0.2145838386177278,0.17281919888676064,24.218359
30,20,east,0.21190178070667973,0.1816300977485826,0.18793669836485286,0.15135841479048553,24.377514
30,20,west,0.22692450960773444,0.19450672252091522,0.20126042816400258,0.16208893543409603,24.297935
30,21,north,0.19047309404044924,0.16326265203467077,0.16893149411920796,0.1360522100288923,24.491026
30,21,south,0.25065942748558595,0.21485093784478798,0.22231103985328757,0.17904244820399,24.172207
30,21,east,0.22061360961615237,0.18909737967098775,0.19566326090956374,0.15758114972582313,24.331366
30,21,west,0.23563597844988285,0.2019736958141853,0.20898667136328897,0.16831141317848777,24.25179
30,22,north,0.19922741089417972,0.17076635219501118,0.17669573942400466,0.14230529349584267,24.444653
30,22,south,0.2593716164623829,0.22231852839632818,0.23003792174342289,0.18526544033027345,24.126057
30,22,east,0.2293257985929493,0.19656497022252797,0.20339014279969908,0.16380414185210662,24.285215
30,22,west,0.2443488875613282,0.2094419036239956,0.21671419194427324,0.17453491968666301,24.205635
30,23,north,0.20798208781523442,0.17827036098448665,0.18446030407422578,0.14855863415373888,24.398277
30,23,south,0.2680834453718555,0.22978581031873332,0.2377644842881338,0.1914881752656111,24.079908
30,23,east,0.23803834763707035,0.20403286940320317,0.21111734403525884,0.170027391169336,24.239063
30,23,west,0.2530603564034766,0.21690887691726565,0.2244404351435596,0.18075739743105473,24.159489
30,24,north,0.21670363854246097,0.18574597589353797,0.1921954889453969,0.15478831324461498,24.352077
30,24,south,0.2767956343486524,0.2372534008702735,0.24549136617826908,0.19771116739189457,24.033758
30,24,east,0.2467490963445704,0.21149922543820318,0.21884294854369635,0.176249354531836,24.19292
30,24,west,0.2617732655149219,0.2243770847270759,0.23216795572454388,0.18698090393922998,24.113335
30,25,north,0.22541474731728517,0.193212640557673,0.1999214127992589,0.16101053379806088,24.305933
30,25,south,0.2855074632581251,0.24472068279267864,0.25321792872298,0.2039339023272322,23.98761
30,25,east,0.255460925254043,0.21896650736060827,0.22656951108840723,0.1824720894671736,24.146772
30,25,west,0.27048437428974614,0.23184374939121097,0.23989387957840583,0.19320312449267582,24.06719
30,26,north,0.23412693629408207,0.2006802311092132,0.20764829468939425,0.16723352592434435,24.259783
30,26,south,0.2942192921675977,0.2521879647150837,0.2609444912676908,0.2101566372625698,23.941462
30,26,east,0.2641734742981641,0.22643440654128355,0.234296712323967,0.18869533878440298,24.10062
30,26,west,0.279196563266543,0.23931133994275114,0.24762076146854112,0.1994261166189593,24.02104
30,27,north,0.2428398454055274,0.2081484389190235,0.2153758152703785,0.1734570324325196,24.213629
30,27,south,0.30293148114439455,0.2596555552666239,0.26867137315782624,0.21637962938885333,23.895311
30,27,east,0.27288530320763676,0.23390168846368864,0.24202327486867786,0.19491807371974054,24.054472
30,27,west,0.2879087522433399,0.24677893049429134,0.25534764335867643,0.20564910874524278,23.97489
30,28,north,0.2502885581416407,0.21453304983569202,0.221982114066098,0.17877754152974337,24.174171
30,28,south,0.31141682770693363,0.266928709463086,0.2761970674305542,0.22244059121923834,23.850363
30,28,east,0.2815974921844337,0.24136927901522887,0.24975015675881324,0.20114106584602406,24.008322
30,28,west,0.2966205811528126,0.2542462124166965,0.26307420590338737,0.21187184368058043,23.928741
30,29,north,0.25680649684464846,0.22011985443827012,0.22776290493959897,0.18343321203189178,24.139645
30,29,south,0.3194240048629102,0.27379200416820876,0.2832986709796049,0.22816000347350732,23.807947
30,29,east,0.2890321622949024,0.24774185339563062,0.25634400108297895,0.20645154449635889,23.968939
30,29,west,0.3050306736445899,0.26145486312393423,0.2705331569824042,0.21787905260327853,23.884192
30,30,north,0.2633251556823047,0.22570727629911833,0.23354433450394882,0.18808939691593193,24.105114
30,30,south,0.3261389003922657,0.2795476289076563,0.28925414380028325,0.2329563574230469,23.772377
30,30,east,0.29542767810767584,0.25322372409229355,0.2620162145121649,0.21101977007691133,23.93506
30,30,west,0.3108436005267774,0.2664373718800949,0.2756886695148205,0.22203114323341247,23.8534
30,31,north,0.26984345445263674,0.2312943895308315,0.2393254447228743,0.19274532460902627,24.070585
30,31,south,0.3319514672071289,0.28452982903468194,0.2944093369872751,0.237108190862235,23.741587
30,31,east,0.30136122754347666,0.25830962360869425,0.2672787077617739,0.21525801967391187,23.90363
30,31,west,0.31665652740896494,0.27141988063625566,0.2808441820472367,0.22618323386354636,23.822607
30,32,north,0.27614895343435547,0.23669910294373328,0.24491782179594626,0.1972492524531111,24.037184
30,32,south,0.3377640340219923,0.28951202916170765,0.29956453017426693,0.24126002430142304,23.710796
30,32,east,0.3071734342910157,0.26329151510658483,0.2724335816033413,0.2194095959221541,23.87284
30,32,west,0.32247017442580084,0.27640300665068646,0.28600033327050195,0.23033583887557205,23.791811
30,33,north,0.2823035842072266,0.2419745007490514,0.2503763931361712,0.20164541729087615,24.004581
30,33,south,0.3435776810388282,0.29449515517613845,0.3047206813975321,0.2454126293134487,23.68
30,33,east,0.3129867212405274,0.26827433249188065,0.2775894134811821,0.22356194374323388,23.842047
30,33,west,0.3282823811733399,0.2813848981485771,0.2911552071120693,0.23448741512381424,23.761023
30,34,north,0.28820940845906257,0.24703663582205362,0.25561429678809716,0.20586386318504468,23.973297
30,34,south,0.34939096798833996,0.2994779725614342,0.3098765132753729,0.24956497713452852,23.649206
30,34,east,0.3188000081900391,0.27325714987717636,0.28274524535902285,0.2277142915643137,23.811253
30,34,west,0.3340953080555274,0.2863674069047378,0.29631071964448563,0.23863950575394816,23.73023
30,35,north,0.2940226954085743,0.25201945320734936,0.2607701286659379,0.2100162110061245,23.942503
30,35,south,0.3552035348032032,0.3044601726884599,0.3150317064623648,0.2537168105737166,23.618416
30,35,east,0.3246136552068751,0.2782402758916072,0.2879013965822881,0.23186689657633935,23.780457
30,35,west,0.3399078748703907,0.29134960703176344,0.3014659128314775,0.24279133919313622,23.69944
30,36,north,0.29957961442324227,0.2567825266484934,0.2656985866015661,0.2139854388737445,23.913067
30,36,south,0.36101646168539064,0.30944268144462056,0.32018721899478103,0.25786890120385053,23.587624
30,36,east,0.3304262220217383,0.2832224760186329,0.29305658976927984,0.2360187300155274,23.749666
30,36,west,0.34572116181990237,0.2963324244170592,0.30662174470931824,0.24694368701421604,23.668646
30,37,north,0.3051037673114063,0.2615175148383483,0.2705979841035687,0.21793126236529023,23.883804
30,37,south,0.3668301087022266,0.3144258074590514,0.3253433702180462,0.2620215062158761,23.556828
30,37,east,0.3361952206903711,0.2881673320203181,0.2981731421599126,0.24013944335026513,23.719107
30,37,west,0.3515348088367383,0.30131555043149,0.3117778959325834,0.2510962920262417,23.63785
30,38,north,0.3106268399975977,0.266251577140798,0.275496423569298,0.2218763142839984,23.854548
30,38,south,0.37264267551708996,0.3194080075860771,0.3304985634050381,0.26617333965506423,23.526037
30,38,east,0.3417186534438868,0.292901702951903,0.3030719009710662,0.2440847524599191,23.689848
30,38,west,0.3572634799650587,0.3062258399700503,0.31685868163567704,0.25518819997504194,23.607504
30,39,north,0.3161495526164649,0.27098533081411275,0.2803945436896028,0.22582110901176064,23.825293
30,39,south,0.378333179509043,0.32428558243632255,0.33554549849313936,0.27023798536360216,23.495893
30,39,east,0.34724136606275396,0.2976354566252177,0.30797002109137106,0.24802954718768142,23.660593
30,39,west,0.3627872727858985,0.31096051953077014,0.32175775979225524,0.2591337662756418,23.578243
30,40,north,0.321673705504629,0.2757203190039677,0.2852939411916055,0.22976693250330643,23.79603
30,40,south,0.38385733239720704,0.32902057062617746,0.340444895995142,0.2741838088551479,23.46663
30,40,east,0.3527644387489453,0.30236951892766745,0.3128684605571004,0.2519745991063896,23.631336
30,40,west,0.36831070553941414,0.315694890462355,0.326656518603409,0.2630790753852958,23.548985
30,41,north,0.32719713825814456,0.2804546899355525,0.29019270000275926,0.23371224161296045,23.766771
30,41,south,0.38938004501607426,0.3337543242994922,0.3453430161154468,0.2781286035829102,23.437376
30,41,east,0.35828787150246105,0.3071038898592523,0.3177672193682541,0.25591990821604355,23.602077
30,41,west,0.37383305809095707,0.32042833550653466,0.33155431937828933,0.26702361292211224,23.519732
30,42,north,0.33272021094433596,0.2851887522380023,0.29509113946848853,0.2376572935316686,23.737514
30,42,south,0.3949023975676173,0.338487769343672,0.3502408168903272,0.28207314111972664,23.408123
30,42,east,0.3638113042559766,0.3118382607908371,0.32266597817940784,0.2598652173256976,23.572819
30,42,west,0.3793564908444727,0.32516270643811945,0.3364530781894431,0.27096892203176626,23.490473
30,43,north,0.33824328363052736,0.28992281454045205,0.2999895789342178,0.24160234545037676,23.708258
30,43,south,0.4006775173807618,0.34343787204065296,0.3553627981531757,0.2861982267005442,23.377531
30,43,east,0.3693347370094923,0.31657263172242195,0.3275647369905616,0.26381052643535163,23.54356
30,43,west,0.3848806437326368,0.3298976946279744,0.3413524756914457,0.27491474552331197,23.46121
30,44,north,0.3437659962493946,0.2946565682137668,0.3048876990545226,0.24554714017813903,23.679003
30,44,south,0.4064915244649219,0.34842130668421883,0.36051926872186524,0.29035108890351563,23.346733
30,44,east,0.37485816976300784,0.32130700265400675,0.3324634958017153,0.26775583554500565,23.514301
30,44,west,0.3906183165440626,0.3348156998949108,0.3464412450301507,0.27901308324575896,23.430817
30,45,north,0.3492901491375586,0.2993915564036217,0.30978709655652525,0.24949296366968476,23.64974
30,45,south,0.4121683458985548,0.35328715362733265,0.36555406868383733,0.2944059613561106,23.316662
30,45,east,0.3805594757746876,0.3261938363783036,0.33752001125255027,0.2718281969819197,23.4841
30,45,west,0.3964323236282227,0.3397991345384766,0.3515977155988404,0.2831659454487305,23.400019
30,46,north,0.35481430202572267,0.3041265445934766,0.3146864940585279,0.2534387871612305,23.620478
30,46,south,0.4175470315877345,0.35789745564662956,0.3703244506343597,0.29824787970552463,23.28817
30,46,east,0.3863727627241993,0.3311766537635994,0.3426758431303911,0.27598054480299955,23.453306
30,46,west,0.4022463307123829,0.3447825691820425,0.35675418616753013,0.2873188076517021,23.36922
30,47,north,0.3604399938993165,0.30894856619941413,0.31967594697022716,0.2574571384995118,23.590677
30,47,south,0.4229267974788868,0.3625086835533315,0.37509579062115556,0.3020905696277763,23.259672
30,47,east,0.39218712987568366,0.3361603970363003,0.3478326330445052,0.28013366419691693,23.422506
30,47,west,0.4080599777292188,0.34976569519647327,0.36191033739079537,0.2914714126637278,23.338425
30,48,north,0.36625436105080084,0.313932309472115,0.3248327368843413,0.26161025789342923,23.559877
30,48,south,0.4283058432353907,0.3671192942017635,0.3798664919171024,0.30593274516813623,23.231178
30,48,east,0.3980004168251954,0.34114321442159606,0.35298846492234587,0.2842860120179967,23.391712
30,48,west,0.4138729046114063,0.354748203952634,0.36706584992321156,0.29562350329386167,23.307632
30,49,north,0.3720672879329883,0.3189148182282757,0.32998824941675753,0.2657623485235631,23.529085
30,49,south,0.4336856091265431,0.3717305221084655,0.38463783190389833,0.3097754350903879,23.20268
30,49,east,0.40381478397667975,0.34612695769429697,0.35814525483646004,0.28843913141191413,23.360912
30,49,west,0.41941182025986334,0.3594958459370257,0.3719783405876169,0.2995798716141881,23.278292
30,50,north,0.37788129501714846,0.32389825287184154,0.3351447199854472,0.2699152107265347,23.498287
30,50,south,0.43906501495037115,0.37634144138603237,0.38940885254526975,0.31361786782169376,23.174185
30,50,east,0.40962735079154305,0.3511091578213226,0.36330044802345185,0.2925909648511022,23.330122
30,50,west,0.4247915861510157,0.36410707384372776,0.37674968057441266,0.30342256153643976,23.249794
30,51,north,0.3836953021013087,0.3288816875154074,0.3403011905541368,0.2740680729295062,23.46749
30,51,south,0.44444514090884774,0.3809529779218695,0.39418051187749,0.31746081493489126,23.145685
30,51,east,0.4154417179430274,0.35609290109402353,0.36845723793756596,0.2967440842450196,23.299322
30,51,west,0.430171352042168,0.36871830175042974,0.3815210205612085,0.30726525145869144,23.221296
30,52,north,0.38950894911814454,0.3338648135298382,0.34545734177740206,0.2782206779415318,23.436693
30,52,south,0.44982454673267586,0.38556389719943646,0.39895153251886134,0.32130324766619706,23.11719
30,52,east,0.4212553649598634,0.3610760271084543,0.37361338916083114,0.3008966892570452,23.268526
30,52,west,0.4355511179333204,0.3733295296571318,0.3862923605480044,0.31110794138094316,23.192799
30,53,north,0.3953229562023048,0.3388482481734041,0.35061381234609174,0.28237354014450344,23.405895
30,53,south,0.45520431262382816,0.39017512510613844,0.40372287250565714,0.32514593758844873,23.088692
30,53,east,0.4266560147558203,0.3657051555049889,0.37840325118224544,0.30475429625415745,23.239918
30,53,west,0.44092980362250006,0.37793983167642864,0.39106274249852685,0.31494985973035716,23.164307
30,54,north,0.40113660321914074,0.3438313741878349,0.3557699635693569,0.286526145156529,23.3751
30,54,south,0.4605833583803321,0.3947857357545704,0.40849357380160417,0.3289881131288087,23.060198
30,54,east,0.43203506051232426,0.3703157661534208,0.3831739524781924,0.3085964717945174,23.211424
30,54,west,0.44630956951365236,0.3825510595831306,0.3958340824853227,0.3187925496526089,23.135809
30,55,north,0.4069506103033009,0.34881480883140076,0.36092643413804665,0.29067900735950064,23.344301
30,55,south,0.4659631242714844,0.39939696366127236,0.4132649137883999,0.33283080305106033,23.0317
30,55,east,0.43741518647080085,0.37492730268925784,0.3879456118104127,0.3124394189077149,23.182924
30,55,west,0.45168933540480477,0.38716228748983267,0.40060542247211856,0.32263523957486057,23.107311
30,56,north,0.41276497745478524,0.35379855210410166,0.3660832240521607,0.294832126753418,23.313501
30,56,south,0.47134217002798834,0.4040075743097043,0.4180356150843469,0.3366729785914203,23.003206
30,56,east,0.4427949523619532,0.3795385305959599,0.39271695179720856,0.3162821088299666,23.154427
30,56,west,0.4570691012959571,0.39177351539653466,0.40537676245891435,0.32647792949711224,23.078814
30,57,north,0.41857862447162114,0.3587816781185324,0.37123937527542594,0.2989847317654437,23.282705
30,57,south,0.47672193591914064,0.4086188022164063,0.42280695507114263,0.34051566851367193,22.974709
30,57,east,0.44817363805113297,0.38414883261525684,0.39748733374773093,0.32012402717938065,23.125935
30,57,west,0.46244814705246107,0.39638412604496664,0.41014746375486133,0.33032010503747217,23.05032
30,58,north,0.4243919114211329,0.3637644955038282,0.37639520715326663,0.3031370795865235,23.251911
30,58,south,0.4821020618776172,0.4132303387522433,0.427578614403363,0.34435861562686954,22.946209
30,58,east,0.45355412407693363,0.3887606777802288,0.40225931242537566,0.323967231483524,23.097433
30,58,west,0.46782791294361337,0.4009953539516686,0.4149188037416571,0.33416279495972384,23.021822
30,59,north,0.43020591850529305,0.36874793014739404,0.3815516777219563,0.30728994178949504,23.221113
30,59,south,0.487480747566797,0.41784064077154026,0.4323489963538855,0.3482005339762836,22.917717
30,59,east,0.4589335299007618,0.39337159705779584,0.4070303330667471,0.3278096642148299,23.068937
30,59,west,0.4732069587001173,0.40560596460010057,0.41968950503760405,0.33800497050008377,22.993328
30,60,north,0.43576499792390627,0.3735128553633483,0.3864820517301312,0.3112607128027903,23.191666
30,60,south,0.4928601533906251,0.4224515600491072,0.4371200169952568,0.3520429667075894,22.889221
30,60,east,0.4643132957919141,0.3979828249644978,0.4118016730535429,0.33165235413708155,23.04044
30,60,west,0.47858708465859384,0.4102175011359376,0.42446116436982434,0.34184791761328137,22.964828
35,10,north,1.3046805449305667,1.1182976099404858,1.1571273880634196,0.9319146749504049,23.588846
35,10,south,1.3482227663136916,1.1556195139831644,1.195745191552024,0.9630162616526369,23.358194
35,10,east,1.327435719619219,1.1378020453879019,1.1773090608527599,0.9481683711565851,23.468307
35,10,west,1.337828702865469,1.1467103167418304,1.1865266471842555,0.9555919306181923,23.413254
35,11,north,1.3124760024999025,1.1249794307142023,1.16404121650289,0.9374828589285019,23.547552
35,11,south,1.356940716367676,1.1630920426008653,1.2034771829689508,0.9692433688340544,23.312014
35,11,east,1.3361853555977345,1.1453017333694866,1.1850691546670384,0.9544181111412391,23.421959
35,11,west,1.346579058978633,1.1542106219816854,1.1942873796893831,0.961842184984738,23.366901
35,12,north,1.3202725402712112,1.131662177375324,1.170956002978634,0.9430518144794366,23.506252
35,12,south,1.3653371263011331,1.1702889654009712,1.2109239989218383,0.9752408045008094,23.267536
35,12,east,1.3448154492246094,1.1526989564782366,1.192723225800398,0.9605824637318641,23.376244
35,12,west,1.3553103315236135,1.161694569877383,1.2020311868870144,0.9680788082311526,23.32065
35,13,north,1.3280683579078714,1.1383443067781756,1.1778701507635287,0.9486202556484795,23.464956
35,13,south,1.373734976503887,1.1774871227176174,1.2183720922564236,0.9812392689313478,23.223051
35,13,east,1.353406655580469,1.160062847640402,1.200342807627916,0.966719039700335,23.330734
35,13,west,1.3637071015243947,1.1688918013066238,1.2094783221853265,0.9740765010888535,23.27617
35,14,north,1.3358638154772073,1.145026127551892,1.1847839792029995,0.9541884396265768,23.423662
35,14,south,1.3821328267066406,1.1846852800342635,1.225820185591009,0.9872377333618865,23.178566
35,14,east,1.3616536375743753,1.1671316893494645,1.2076570952296544,0.9726097411245539,23.287048
35,14,west,1.3720739859372657,1.1760634165176564,1.2168989518134083,0.9800528470980471,23.23185
35,15,north,1.34366071331584,1.1517091828421486,1.191699085024168,0.9597576523684573,23.38236
35,15,south,1.3905299567747464,1.19188282009264,1.2332676402347453,0.993235683410533,23.134085
35,15,east,1.3698991792989847,1.174199296541987,1.2149701054496946,0.978499413784989,23.24337
35,15,west,1.3803198877291996,1.183131332339314,1.2242122813788734,0.9859427769494282,23.18817
35,16,north,1.3511223884756252,1.1581049044076788,1.1983168802551678,0.9650874203397324,23.342834
35,16,south,1.398927446910176,1.199080668780151,1.240715414223906,0.9992338906501257,23.089602
35,16,east,1.3781458012255667,1.1812678296219143,1.2222840737060086,0.984389858018262,23.199686
35,16,west,1.3885665096557815,1.1901998654192414,1.2315262496351873,0.9918332211827011,23.144485
35,17,north,1.3585664203365238,1.1644855031455918,1.2049190275603694,0.97040458595466,23.303402
35,17,south,1.4072334799452542,1.2062001256673607,1.2480820744752554,1.0051667713894674,23.045603
35,17,east,1.3861364152846292,1.1881169273868248,1.2293709873655343,0.9900974394890208,23.157358
35,17,west,1.396812411447715,1.1972677812408985,1.2388395792006521,0.9977231510340822,23.100805
35,18,north,1.3660090119281252,1.1708648673669644,1.2115198974838732,0.9757207228058038,23.263977
35,18,south,1.4154790216698636,1.213267732859883,1.2553950846952957,1.0110564440499026,23.001925
35,18,east,1.3935793669435548,1.1944966002373327,1.2359721766344625,0.9954138335311108,23.117931
35,18,west,1.4050579531723244,1.204335388433421,1.2461525894206924,1.0036128236945174,23.057127
35,19,north,1.3734526837216994,1.1772451574757423,1.21812172544365,0.9810376312297854,23.224546
35,19,south,1.423724923461797,1.2203356486815404,1.2627084142607605,1.0169463739012836,22.958244
35,19,east,1.4010223186024806,1.2008762730878406,1.2425733659033906,1.0007302275732006,23.078505
35,19,west,1.4133045750989064,1.2114039215133483,1.2534665576770063,1.0095032679277904,23.013443
35,20,north,1.3808956353806252,1.1836248303262502,1.2247229147125782,0.9863540252718751,23.18512
35,20,south,1.431971545388379,1.2274041817614678,1.2700223825170744,1.0228368181345566,22.91456
35,20,east,1.4084659903960548,1.2072565631966186,1.2491751938631679,1.0060471359971823,23.039074
35,20,west,1.4215504768908402,1.2184718373350059,1.2607798872424714,1.0153931977791717,22.969763
35,21,north,1.388338587039551,1.1900045031767579,1.2313241039815068,0.9916704193139652,23.145693
35,21,south,1.4403240271082816,1.2345634518070985,1.2774302383281781,1.0288028765059152,22.870316
35,21,east,1.415909302122305,1.2136365446762614,1.2557767024775206,1.011363787230218,22.999645
35,21,west,1.4296944796300197,1.2254524111114455,1.268002842052815,1.0212103425928714,22.926622
35,22,north,1.395781898765801,1.196384484656401,1.2379256125958595,0.9969870705470009,23.106264
35,22,south,1.4487049541467973,1.2417471035543977,1.2848633224278143,1.0347892529619982,22.82592
35,22,east,1.4233526138485548,1.2200165261559042,1.2623782110918733,1.0166804384632535,22.960217
35,22,west,1.437199002801387,1.231884859544046,1.2746586393893253,1.026570716286705,22.88687
35,23,north,1.4032255705593755,1.2027647747651788,1.2445274405556364,1.0023039789709824,23.066833
35,23,south,1.4570851610506643,1.2489301380434266,1.2922957678366014,1.040775115036189,22.781528
35,23,east,1.4308114084697463,1.2264097786883539,1.2689934515594774,1.0220081489069617,22.920706
35,23,west,1.444776979706895,1.2383802683201957,1.2813795831924244,1.0319835569334963,22.846727
35,24,north,1.4106688822856253,1.2091447562448217,1.2511289491699893,1.0076206302040183,23.027405
35,24,south,1.4654664481565043,1.2561140984198609,1.2997291712816617,1.0467617486832175,22.737131
35,24,east,1.43838902530793,1.2329048788353685,1.2757140760171524,1.0274207323628073,22.880566
35,24,west,1.4523545965450781,1.2448753684672098,1.2881002076500994,1.0373961403893417,22.806587
35,25,north,1.418112194011875,1.2155247377244645,1.2577304577843418,1.0129372814370539,22.987976
35,25,south,1.4738473751950198,1.2632977501671598,1.3071622553812974,1.0527481251392998,22.692736
35,25,east,1.4459666421461135,1.239399978982383,1.282434700474827,1.0328333158186527,22.840425
35,25,west,1.4599325734505861,1.2513707772433595,1.2948211514531984,1.042808981036133,22.766445
35,26,north,1.4256149168466212,1.2219556430113896,1.2643846583937297,1.0182963691761582,22.948233
35,26,south,1.4814757615259182,1.2698363670222155,1.3139279075438204,1.058196972518513,22.652327
35,26,east,1.45354533918627,1.2458960050168029,1.2891562829687753,1.0382466708473357,22.80028
35,26,west,1.4675112704907425,1.257866803277779,1.3015427339471468,1.0482223360648162,22.7263
35,27,north,1.433192533684805,1.2284507431584044,1.2711052828514042,1.0237089526320033,22.908092
35,27,south,1.4890537384314262,1.2763317757983652,1.3206488513469197,1.0636098131653045,22.612185
35,27,east,1.4611225959571292,1.252390796534682,1.2958765880810255,1.0436589971122352,22.760141
35,27,west,1.475088527261602,1.2643615947956588,1.308263039059397,1.0536346623297157,22.686161
35,28,north,1.4407712307249614,1.234946769192824,1.2778268653453526,1.0291223076606866,22.867947
35,28,south,1.4966317153369337,1.2828271845745147,1.3273697951500187,1.0690226538120957,22.572042
35,28,east,1.4687012929972854,1.2588868225691017,1.3025981705749736,1.0490723521409182,22.719995
35,28,west,1.4826665041671097,1.2708570035718083,1.314983982862496,1.059047502976507,22.646019
35,29,north,1.448348847563145,1.2414418693398386,1.2845474898030271,1.034534891116532,22.827806
35,29,south,1.50421041237709,1.2893232106089343,1.334091377643967,1.0744360088407787,22.531897
35,29,east,1.476278909835469,1.2653819227161163,1.3093187950326481,1.0544849355967636,22.679855
35,29,west,1.4902441210052932,1.2773521037188227,1.321704607320171,1.0644600864323526,22.605879
35,30,north,1.4559264644013286,1.247936969486853,1.2912681142607019,1.0399474745723774,22.787666
35,30,south,1.5117880292152739,1.295818310755949,1.3408120021016414,1.0798485922966239,22.491756
35,30,east,1.483857606875625,1.2718779487505358,1.3160403775265963,1.0598982906254466,22.63971
35,30,west,1.4978224579781252,1.2838478211241073,1.3284258704686946,1.0698731842700897,22.565735
35,31,north,1.463504441306836,1.2544323782630025,1.2979890580638012,1.0453603152191688,22.747524
35,31,south,1.5193656460534573,1.3023134109029633,1.3475326265593164,1.0852611757524695,22.451616
35,31,east,1.4914345035791605,1.2783724316392804,1.3227603632934222,1.0653103596994005,22.599573
35,31,west,1.5054000748163088,1.290342921271122,1.3351464949263692,1.0752857677259349,22.525595
35,32,north,1.4710820581450197,1.2609274784100168,1.304709682521476,1.0507728986750142,22.707384
35,32,south,1.5269436229589652,1.308808819679113,1.3542535703624154,1.0906740163992608,22.411474
35,32,east,1.4990132006193166,1.2848684576737,1.3294819457873703,1.0707237147280835,22.559427
35,32,west,1.5129780517218168,1.2968383300472717,1.3418674387294687,1.0806986083727264,22.485453
35,33,north,1.4786600350505275,1.2674228871861664,1.3114306263245754,1.0561857393218055,22.667242
35,33,south,1.5345212397971488,1.3153039198261276,1.3609741948200904,1.0960865998551064,22.371334
35,33,east,1.5065911775248246,1.2913638664498497,1.3362028895904692,1.0761365553748745,22.519285
35,33,west,1.5205563886946487,1.3033340474525559,1.348588701877992,1.0861117062104635,22.445309
35,34,north,1.4862380119560354,1.273918295962316,1.3181515701276745,1.061598579968597,22.6271
35,34,south,1.5420988566353324,1.321799019973142,1.3676948192777652,1.1014991833109518,22.331194
35,34,east,1.5141684342956838,1.2978586579677291,1.3429231947027198,1.0815488816397743,22.479147
35,34,west,1.5281340055328323,1.3098291475995705,1.3553093263356668,1.0915242896663089,22.405169
35,35,north,1.4938167089961916,1.2804143219967357,1.3248731526216224,1.0670119349972798,22.586954
35,35,south,1.5496771936081644,1.3282947373784266,1.3744160824262888,1.106912281148689,22.29105
35,35,east,1.5217471313358402,1.3043546840021487,1.349644777196668,1.0869622366684575,22.439001
35,35,west,1.5357119824383403,1.3163245563757202,1.362030270138766,1.0969371303131001,22.365026
35,36,north,1.501393605699727,1.2869088048854802,1.3315931383884483,1.0724240040712334,22.546818
35,36,south,1.5572551705136721,1.3347901461545761,1.3811370262293878,1.1123251217954802,22.250908
35,36,east,1.5293247481740238,1.310849784149163,1.3563654016543425,1.0923748201243026,22.39886
35,36,west,1.5432892392091995,1.3228193478935995,1.3687505752510163,1.1023494565779997,22.324888
35,37,north,1.5083133795365626,1.292840039602768,1.337730318755642,1.0773666996689735,22.510162
35,37,south,1.5648338675538283,1.3412861721889957,1.3878586087233362,1.1177384768241632,22.210762
35,37,east,1.5369027250795313,1.3173451929253126,1.3630863454574418,1.097787660771094,22.358719
35,37,west,1.5508679362493558,1.3293153739280192,1.3754721577449642,1.1077628116066827,22.284742
35,38,north,1.513569282268184,1.2973450990870148,1.3423918039164249,1.0811209159058455,22.48232
35,38,south,1.5724118444593362,1.3477815809651454,1.394579552526435,1.1231513174709546,22.17062
35,38,east,1.544235136069922,1.3236301166313618,1.369589495681062,1.1030250971928015,22.319878
35,38,west,1.5584459131548636,1.3358107827041688,1.3821931015480637,1.1131756522534741,22.2446
35,39,north,1.5188273454037502,1.3018520103460716,1.3470552051497546,1.0848766752883932,22.454468
35,39,south,1.579989821364844,1.354276989741295,1.4013004963295341,1.1285641581177457,22.130478
35,39,east,1.5494910388015433,1.3281351761156086,1.3742509808418448,1.1067793134296737,22.292036
35,39,west,1.564823425601426,1.3412772219440794,1.3878493477060267,1.117731018286733,22.210817
35,40,north,1.5240832481353712,1.3063570698303182,1.3517166903105378,1.0886308915252652,22.426626
35,40,south,1.5854131554022268,1.3589255617733371,1.4061104771126893,1.1324379681444479,22.10175
35,40,east,1.5547476616678129,1.3326408528581253,1.3789131046934768,1.1105340440484377,22.26419
35,40,west,1.5700796884003714,1.3457825900574611,1.3925111522122342,1.1214854917145511,22.182974
35,41,north,1.5293402310689652,1.3108630552019702,1.356379133507594,1.092385879334975,22.398779
35,41,south,1.5906683379991995,1.363430003999314,1.4107713235826234,1.1361916699994283,22.073912
35,41,east,1.5600042845340825,1.337146529600642,1.3835752285451088,1.1142887746672019,22.236345
35,41,west,1.575336311266641,1.350288266799978,1.3971732760638662,1.1252402223333149,22.155128
35,42,north,1.5345964938679104,1.3153684233153518,1.3610409380138013,1.096140352762793,22.370935
35,42,south,1.595924960865469,1.3679356807418306,1.4154334474342554,1.1399464006181923,22.046066
35,42,east,1.5652605473330274,1.3416518977140235,1.3882370330513163,1.1180432480950198,22.208502
35,42,west,1.5805929341329106,1.3547939435424947,1.4018353999154978,1.1289949529520789,22.127283
35,43,north,1.5398527566668558,1.3198737914287335,1.365702742520009,1.0998948261906112,22.343092
35,43,south,1.6011812236644143,1.3724410488552121,1.4200952519404626,1.1437008740460102,22.018223
35,43,east,1.5705182504012696,1.3461585003439454,1.3929001149392215,1.1217987502866213,22.18065
35,43,west,1.58584955699918,1.3592996202850114,1.40649752376713,1.1327496835708428,22.099438
35,44,north,1.5451097396004494,1.324379776800385,1.3703651857170653,1.103649814000321,22.315245
35,44,south,1.606438206598008,1.3769470342268642,1.4247576951375192,1.1474558618557202,21.990376
35,44,east,1.5757737930655666,1.350663251199057,1.39756128075458,1.1255527093325477,22.152811
35,44,west,1.5911069000000981,1.3638059142857983,1.4111602863096107,1.1365049285714985,22.071589
35,45,north,1.5503663624667192,1.3288854535429022,1.3750273095686973,1.107404544619085,22.2874
35,45,south,1.6116951895316018,1.3814530195985157,1.4294201383345757,1.15121084966543,21.962528
35,45,east,1.5810307759991604,1.355169236570709,1.4022237239516364,1.1293076971422575,22.124964
35,45,west,1.5963631627990436,1.36831128239918,1.4158220908158181,1.1402594019993166,22.043745
35,46,north,1.5556229853329884,1.3333911302854187,1.379689433420329,1.111159275237849,22.259554
35,46,south,1.6169518123978712,1.3859586963410326,1.4340822621862075,1.154965580284194,21.934683
35,46,east,1.58628739886543,1.3596749133132258,1.406885847803268,1.1330624277610213,22.097118
35,46,west,1.6016194255979885,1.3728166505125616,1.4204838953220256,1.1440138754271347,22.015902
35,47,north,1.560879608199258,1.3378968070279353,1.3843515572719611,1.114914005856613,22.231709
35,47,south,1.6221817902821487,1.390441534527556,1.4387207544764298,1.1587012787729634,21.906979
35,47,east,1.5915443817990236,1.3641808986848774,1.4115482910003248,1.1368174155707313,22.069271
35,47,west,1.6068767685989063,1.3773229445133484,1.4251466578645064,1.1477691204277904,21.988052
35,48,north,1.5661362310655276,1.3424024837704522,1.3890136811235931,1.118668736475377,22.203863
35,48,south,1.6269858085218754,1.3945592644473217,1.4429814611295204,1.162132720372768,21.88153
35,48,east,1.596800644597969,1.368686266798259,1.4162100955065322,1.1405718889985494,22.041428
35,48,west,1.6121330313978517,1.3818283126267301,1.429808462370714,1.1515235938556085,21.960209
35,49,north,1.571392493864473,1.346907851883834,1.3936754856298006,1.122423209903195,22.17602
35,49,south,1.6317912670308987,1.3986782288836275,1.4472434451643093,1.1655651907363562,21.856075
35,49,east,1.6020569073969144,1.373191634911641,1.4208719000127397,1.1443263624263675,22.013584
35,49,west,1.6173889341294732,1.386333372110977,1.434469947531497,1.1552778100924808,21.932367
35,50,north,1.5767222103975589,1.3514761803407647,1.3984024366025969,1.1262301502839707,22.147787
35,50,south,1.636051583611055,1.4023299288094757,1.4510219402264715,1.1686082740078965,21.833508
35,50,east,1.6073135302631838,1.3776973116541575,1.4255340238643712,1.1480810930451313,21.985739
35,50,west,1.622646277130391,1.3908396661117635,1.4391327100739775,1.1590330550931363,21.904518
35,51,north,1.58218551190793,1.356159010206797,1.4032478647278666,1.1301325085056644,22.118847
35,51,south,1.6402704924489262,1.4059461363847938,1.4547637105648215,1.1716217803206614,21.81116
35,51,east,1.6125697930621292,1.3822026797675393,1.430195828370579,1.1518355664729494,21.957895
35,51,west,1.62776715461543,1.3952289896703685,1.4436744407005895,1.162690824725307,21.877392
35,52,north,1.5874421347741994,1.3606646869493138,1.4079099885794983,1.1338872391244281,22.091002
35,52,south,1.6444904814887698,1.409563269847517,1.4585064389394449,1.1746360582062643,21.788805
35,52,east,1.6178274961303716,1.3867092823974614,1.434858910258484,1.155591068664551,21.930044
35,52,west,1.632252873340547,1.3990738914347547,1.4476528459984614,1.1658949095289624,21.85363
35,53,north,1.5926155820885743,1.3650990703616352,1.412498343638081,1.1375825586346962,22.063597
35,53,south,1.6487093903266408,1.413179477422835,1.4622482092777944,1.1776495645190292,21.766457
35,53,east,1.623224545253086,1.3913353245026452,1.4396455788256537,1.1594461037522044,21.901455
35,53,west,1.6364717821784183,1.4026900990100728,1.4513946163368114,1.1689084158417273,21.831282
35,54,north,1.597787949200977,1.3695325278865518,1.4170857406603903,1.1412771065721263,22.036198
35,54,south,1.652928299164512,1.4167956849981531,1.4659899796161446,1.1806630708317944,21.744108
35,54,east,1.6284048338466215,1.3957755718685327,1.4442400014473011,1.1631463098904438,21.874014
35,54,west,1.6407555031346488,1.406361859829699,1.4551938688515633,1.1719682165247491,21.80859
35,55,north,1.6029613965153517,1.3739669112988728,1.4216740957189729,1.1449724260823941,22.008793
35,55,south,1.657146847935059,1.4204115839443363,1.46973143060907,1.1836763199536136,21.721762
35,55,east,1.6327573276617777,1.3995062808529524,1.4481002489381243,1.166255234044127,21.850958
35,55,west,1.6449988965505666,1.4099990541862,1.4589573546787766,1.1749992118218333,21.786112
35,56,north,1.6081341236950781,1.3784006774529243,1.4262618120867063,1.1486672312107704,21.981392
35,56,south,1.6613783591292774,1.4240385935393807,1.4734843780372762,1.1866988279494841,21.699347
35,56,east,1.6368948612843752,1.40305273824375,1.4517698472105471,1.1692106152031252,21.82904
35,56,west,1.6491367902404885,1.413545820206133,1.4626272722966236,1.1779548501717776,21.764193
35,57,north,1.6133079310767775,1.3828353694943807,1.4308504864907134,1.152362807911984,21.953985
35,57,south,1.6655158927518754,1.427585050930179,1.4771539763096988,1.1896542091084823,21.67743
35,57,east,1.641032394906973,1.4065991956345483,1.4554394454829702,1.1721659963621236,21.807123
35,57,west,1.6532736037284377,1.417091660338661,1.4662962318781978,1.1809097169488842,21.74228
35,58,north,1.6184806582565041,1.3872691356484321,1.4354382028584471,1.1560576130403601,21.926584
35,58,south,1.6696530663071487,1.4311311996918419,1.4808232552366973,1.1926093330765348,21.655514
35,58,east,1.6451699285295707,1.4101456530253462,1.459109043755393,1.175121377521122,21.785206
35,58,west,1.6574118574856838,1.420638734987729,1.4699664688414698,1.1838656124897742,21.720358
35,59,north,1.6234305037625392,1.3915118603678907,1.439828244408443,1.1595932169732426,21.900364
35,59,south,1.6737913200643948,1.4346782743409097,1.4844934921999693,1.195565228617425,21.633593
35,59,east,1.6493078222194926,1.4136924190452793,1.4627789613732403,1.178077015871066,21.763287
35,59,west,1.6615497511756059,1.424185501007662,1.4736363864593172,1.1868212508397185,21.698439
35,60,north,1.628037205108594,1.3954604615216522,1.4439139497689315,1.16288371793471,21.875961
35,60,south,1.6779284936196683,1.438224423102573,1.4881627711269676,1.1985203525854773,21.611677
35,60,east,1.6534453558420898,1.417238876436077,1.4664485596456633,1.1810323970300645,21.74137
35,60,west,1.6656869247308792,1.4277316497693249,1.4773056653863152,1.1897763748077708,21.676523
40,10,north,2.3726650732087506,2.033712919893215,2.1043279518339513,1.694760766577679,22.931519
40,10,south,2.3908765583330864,2.049322764285503,2.1204798047120827,1.7077689702379188,22.835049
40,10,east,2.382136644172325,2.041831409290564,2.1127283332242643,1.7015261744088035,22.881346
40,10,west,2.3868711694184768,2.045889573787266,2.116927406210435,1.704907978156055,22.856266
40,11,north,2.3811572610504497,2.0409919380432426,2.111859713669744,1.7008266150360354,22.886534
40,11,south,2.398295025413965,2.0556814503548275,2.127059278492148,1.7130678752956896,22.795752
40,11,east,2.3906284719466995,2.049110118811457,2.1202597757146324,1.707591765676214,22.836363
40,11,west,2.3953651575967974,2.053170135082969,2.12446076477335,1.710975112569141,22.811272
40,12,north,2.38965124922877,2.0482724993389456,2.1193930722326595,1.7068937494491216,22.84154
40,12,south,2.405713492494844,2.062040136424152,2.133638752272213,1.7183667803534601,22.756454
40,12,east,2.39912246012502,2.05639068010716,2.127793134277548,1.7136589000893,22.791368
40,12,west,2.4038569853711724,2.060448844603862,2.1319922072637185,1.7170407038365518,22.766289
40,13,north,2.398143077003145,2.0555512088598387,2.1269245147230276,1.7129593407165322,22.796556
40,13,south,2.413132319643047,2.0683991311226118,2.1402185453977025,1.7236659426021765,22.717155
40,13,east,2.4076153681013674,2.063670315515458,2.1353255348041893,1.7197252629295483,22.74638
40,13,west,2.4121799415704888,2.0675828070604187,2.139373876750017,1.7229856725503494,22.7222
40,14,north,2.4066637101634574,2.0628546087115347,2.134481504847352,1.7190455072596122,22.751421
40,14,south,2.4205511467912504,2.074758125821072,2.146798338523192,1.728965104850893,22.677856
40,14,east,2.4161071958757425,2.070949025036351,2.1428569772945574,1.7257908541969589,22.701397
40,14,west,2.4200873800776566,2.0743606114951345,2.1463870216164933,1.7286338429126118,22.680313
40,15,north,2.4152001862860355,2.070171588245173,2.142052546170353,1.7251429902043112,22.706202
40,15,south,2.4279703340067775,2.0811174291486667,2.153378450994107,1.7342645242905559,22.638556
40,15,east,2.4246051447946293,2.0782329812525395,2.1503938486571417,1.7318608177104495,22.656382
40,15,west,2.4279933783155276,2.0811371814133097,2.153398889101272,1.7342809845110914,22.638433
40,16,north,2.4237363023412897,2.077488259149677,2.1496232681479293,1.731240215958064,22.660984
40,16,south,2.4353888010876568,2.0874761152179913,2.1599579247741714,1.7395634293483262,22.599258
40,16,east,2.432828002277813,2.085281144809554,2.1576867401154414,1.737734287341295,22.612823
40,16,west,2.435435249772481,2.0875159283764124,2.1599991203339264,1.7395966069803435,22.599012
40,17,north,2.432272058329219,2.084804621425045,2.1571936707800816,1.7373371845208712,22.615768
40,17,south,2.4428321128139068,2.0938560966976345,2.1665594333885245,1.744880080581362,22.55983
40,17,east,2.440778648863887,2.0920959847404745,2.1647382064328524,1.7434133206170623,22.570707
40,17,west,2.4428976450669144,2.093912267200212,2.1666175542557755,1.7449268893335106,22.559483
40,18,north,2.440808174384473,2.0921212923295482,2.164764392757658,1.7434344102746238,22.57055
40,18,south,2.450225015114766,2.100192870098371,2.173116233643453,1.7501607250819757,22.520668
40,18,east,2.4487289353826376,2.0989105160422605,2.171789353404839,1.7490920967018837,22.528593
40,18,west,2.450359680294024,2.1003082973948777,2.1732356688322,1.7502569144957316,22.519955
40,19,north,2.449344290439727,2.0994379632340516,2.172335114735234,1.7495316360283764,22.525333
40,19,south,2.4575783100099615,2.1064956942942525,2.179637905901692,1.7554130785785438,22.481716
40,19,east,2.4566788618340634,2.1057247387149114,2.1788401810314015,1.7547706155957596,22.48648
40,19,west,2.4578217155211335,2.1067043275895427,2.1798537834086242,1.7555869396579526,22.480427
40,20,north,2.4578811266296294,2.1067552513968253,2.17990647540366,1.7556293761640214,22.480112
40,20,south,2.464931244837832,2.112798209860999,2.1861592588145062,1.760665174884166,22.442766
40,20,east,2.464628788285489,2.112538961387562,2.185891008657963,1.7604491344896347,22.444368
40,20,west,2.4652837507482426,2.113100357784208,2.1864718979850486,1.7609169648201735,22.440899
40,21,north,2.4664050003958597,2.1140614289107367,2.1874663396368046,1.7617178574256143,22.43496
40,21,south,2.4722838195983794,2.1191004167986107,2.192680292381896,1.7659170139988427,22.403818
40,21,east,2.4725797949388872,2.1193541099476176,2.1929427943207984,1.7661284249563478,22.40225
40,21,west,2.472716260454766,2.1194710803897996,2.1930638262366675,1.766225900324833,22.401527
40,22,north,2.474355646981934,2.120876268841658,2.194517805954215,1.7673968907013815,22.392843
40,22,south,2.4796363943589266,2.1254026237362225,2.1992013259492857,1.7711688531135188,22.36487
40,22,east,2.480272633320821,2.1259479714178466,2.1997656093142997,1.7716233095148723,22.3615
40,22,west,2.480068835215313,2.1257732873274113,2.1995848598040575,1.7714777394395094,22.36258
40,23,north,2.4823052133660357,2.1276901828851735,2.201568314235353,1.7730751524043111,22.350733
40,23,south,2.486988969119473,2.1317048306738338,2.2057223595166757,1.776420692228195,22.325922
40,23,east,2.4877357487499028,2.1323449274999167,2.206384681926997,1.7769541062499308,22.321966
40,23,west,2.487421770043184,2.1320758028941578,2.206106212716872,1.7767298357451315,22.32363
40,24,north,2.4902554998847855,2.134504714186959,2.2086194612073395,1.7787539284891325,22.308619
40,24,south,2.4943422640146684,2.138007654869716,2.2122440317749144,1.7816730457247634,22.28697
40,24,east,2.4951970638423635,2.1387403404363114,2.2130021578125727,1.7822836170302596,22.282442
40,24,west,2.4947739847364065,2.1383777012026344,2.212626926938837,1.781981417668862,22.284683
40,25,north,2.4982054263362112,2.1413189368596095,2.215670288833902,1.7844324473830082,22.266506
40,25,south,2.5008227557159572,2.1435623620422493,2.2179916107242716,1.786301968368541,22.252642
40,25,east,2.5025593604206646,2.1450508803605697,2.219531813706423,1.787542400300475,22.243443
40,25,west,2.5021269195642777,2.144680216769381,2.219148279851651,1.7872335139744842,22.245733
40,26,north,2.5061560729222854,2.1481337767905306,2.222721755151313,1.7901114806587757,22.22439
40,26,south,2.5071883859408204,2.1490186165207033,2.2236373184832283,1.7908488471005863,22.218922
40,26,east,2.5099115751138874,2.1513527786690463,2.2260525279283883,1.7927939822242054,22.204496
40,26,west,2.5094791342575005,2.150982115077858,2.225668994073617,1.7924850958982148,22.206787
40,27,north,2.5141056393063868,2.154947690834046,2.229772263432451,1.7957897423617053,22.18228
40,27,south,2.5135543762330084,2.154475179628293,2.2292833455876084,1.795395983023577,22.1852
40,27,east,2.5172645099417585,2.1576552942357927,2.2325738808412026,1.7980460785298273,22.165546
40,27,west,2.5168324291526956,2.157284939273739,2.232190666331855,1.7977374493947829,22.167835
40,28,north,2.522130099693926,2.161825799737651,2.236889195561875,1.801521499781376,22.139772
40,28,south,2.519919286323223,2.159930816848477,2.234928414655716,1.799942347373731,22.151484
40,28,east,2.5246170847023053,2.1639575011734045,2.2390949144085925,1.8032979176445039,22.126598
40,28,west,2.5241850039132427,2.1635871462113507,2.238711699899245,1.8029892885094594,22.128887
40,29,north,2.5302715819618364,2.1688042131101457,2.244109914954248,1.8073368442584548,22.096645
40,29,south,2.526284556480762,2.165386762697796,2.240573803069248,1.8044889689148302,22.117765
40,29,east,2.5319692993955276,2.170259399481881,2.2456156286305573,1.8085494995682343,22.087652
40,29,west,2.5308138433521097,2.1692690085875226,2.2445908491634783,1.8077241738229355,22.093773
40,30,north,2.538413424297071,2.175782935111775,2.251330953692045,1.8131524459264792,22.053516
40,30,south,2.5326498266383015,2.1708427085471156,2.2462191914827794,1.8090355904559297,22.084047
40,30,east,2.5393222342233988,2.1765619150486275,2.252136981543372,1.8138015958738565,22.048702
40,30,west,2.5371794735769733,2.174725263065977,2.250236556922435,1.812271052554981,22.060053
40,31,north,2.5465325823908795,2.182742213477897,2.258531873668101,1.8189518445649138,22.010508
40,31,south,2.5385056015320706,2.175861944170346,2.251412706120706,1.8132182868086222,22.053028
40,31,east,2.54667516905127,2.182864430615374,2.258658334456186,1.8190536921794787,22.009752
40,31,west,2.5435451038018364,2.180181517544431,2.2558822646813907,1.816817931287026,22.026333
40,32,north,2.5545653243268753,2.1896274208516076,2.2656561507422883,1.8246895173763396,21.967957
40,32,south,2.5443354515784966,2.1808589584958544,2.2565832278880715,1.817382465413212,22.022146
40,32,east,2.5540273837444927,2.189166328923851,2.265179048678151,1.8243052741032089,21.970806
40,32,west,2.5499107340267,2.1856377720228854,2.2615279724403465,1.8213648100190711,21.992613
40,33,north,2.562596986060899,2.1965117023379133,2.2727794697802026,1.8304264186149282,21.925411
40,33,south,2.550164941557598,2.185855664192227,2.261753430310013,1.8215463868268562,21.991266
40,33,east,2.560921592801309,2.1950756509725506,2.2712935555202085,1.8292297091437923,21.934286
40,33,west,2.5562752840495904,2.1910931006139345,2.2671727221630293,1.8259109171782786,21.958899
40,34,north,2.5706290078622467,2.203396292453354,2.2799031081635404,1.8361635770444618,21.882864
40,34,south,2.555993711402051,2.1908517526303295,2.266922994041105,1.8257097938586082,21.96039
40,34,east,2.567478778842657,2.200696096150849,2.277109155044976,1.8339134134590407,21.899551
40,34,west,2.5626149894271095,2.1965271337946652,2.2727954370514247,1.8304392781622212,21.925316
40,35,north,2.5783650543230863,2.210027189419788,2.286764244607976,1.8416893245164905,21.841885
40,35,south,2.5618246416504498,2.1958496928432427,2.272094473844744,1.8298747440360354,21.929502
40,35,east,2.57403560481668,2.206316232700012,2.2829244352243174,1.838596860583343,21.864819
40,35,west,2.5684862472158208,2.2015596404707036,2.2780026835426033,1.8346330337255865,21.894215
40,36,north,2.5859091849001175,2.2164935870572435,2.293455169941176,1.8470779892143698,21.801922
40,36,south,2.5676116436852934,2.2008099803016803,2.2772269935065994,1.834008316918067,21.898848
40,36,east,2.5805924307907038,2.2119363692491745,2.2887397154036595,1.8432803077076454,21.830086
40,36,west,2.5745072930114064,2.20672053686692,2.283342777730355,1.8389337807224335,21.86232
40,37,north,2.593454035611797,2.222960601952969,2.3001467339652253,1.8524671682941414,21.761955
40,37,south,2.572056674802774,2.2046200069738062,2.281169312771508,1.8371833391448387,21.875301
40,37,east,2.5871485366300786,2.2175558885400677,2.294554356892153,1.847963240450056,21.795357
40,37,west,2.580528698874317,2.2118817418922716,2.288683191263531,1.8432347849102264,21.830423
40,38,north,2.6009974460541803,2.2294263823321545,2.306837020607577,1.8578553186101288,21.721996
40,38,south,2.5766615758122073,2.208567064981892,2.2852534214048745,1.8404725541515767,21.850908
40,38,east,2.593627948129395,2.2231096698251958,2.3003009778052377,1.8525913915209966,21.761034
40,38,west,2.586107221928438,2.2166633330815184,2.2936308099246268,1.8472194442345986,21.800873
40,39,north,2.6085412165638875,2.235892471340475,2.3135276265953526,1.8632437261170622,21.682035
40,39,south,2.581299242948145,2.2125422082412673,2.2893665904718667,1.8437851735343893,21.826342
40,39,east,2.599648993924981,2.228270566221412,2.3056410719929894,1.8568921385178438,21.72914
40,39,west,2.590744168929727,2.2206378590826232,2.29774334030077,1.8505315492355194,21.77631
40,40,north,2.616086427342891,2.2423597948653353,2.3202195099648266,1.8686331623877799,21.642067
40,40,south,2.585936550016758,2.2165170428715073,2.2934794401934346,1.847097535726256,21.801777
40,40,east,2.604827482181895,2.232709270441624,2.310233897887514,1.8605910587013537,21.701708
40,40,west,2.595381836065665,2.2246130023419983,2.301856509367762,1.853844168618332,21.751743
40,41,north,2.6233515057436527,2.248587004923131,2.3266629425940732,1.8738225041026093,21.603582
40,41,south,2.590273560936973,2.22023448080312,2.2973259558310057,1.8501954006692662,21.778803
40,41,east,2.609464429183184,2.2366837964427293,2.314346428263657,1.8639031637022743,21.677145
40,41,west,2.600018422999629,2.228587219713968,2.3059687203984804,1.8571560164283067,21.727182
40,42,north,2.6299083317176764,2.254207141472294,2.332478222773415,1.8785059512269113,21.56885
40,42,south,2.593857671082247,2.2233065752133543,2.3005047201860402,1.8527554793444618,21.759817
40,42,east,2.6141020963191215,2.240658939702104,2.318459597330649,1.8672157830850868,21.652578
40,42,west,2.6046568102702152,2.2325629802316134,2.3100825281563218,1.8604691501930108,21.702612
40,43,north,2.636205549150938,2.2596047564150896,2.3380632549017246,1.8830039636792415,21.535492
40,43,south,2.596869274182012,2.2258879492988677,2.3031757253161893,1.854906624415723,21.743864
40,43,east,2.6187401235223833,2.244634391590614,2.322573085743066,1.8705286596588453,21.62801
40,43,west,2.6092944774061526,2.236538123490988,2.314195697223314,1.8637817695758234,21.678045
40,44,north,2.641378996465313,2.2640391398274113,2.342651609960307,1.8866992831895093,21.508087
40,44,south,2.5998045430090433,2.228403894007751,2.3057790292163545,1.85700324500646,21.728315
40,44,east,2.623376710456348,2.248608608962584,2.3266852967737854,1.8738405074688205,21.603449
40,44,west,2.6135213077251565,2.240161120907277,2.317944493161002,1.8668009340893978,21.655655
40,45,north,2.6465517236450395,2.2684729059814623,2.347239326328041,1.8903940883178854,21.480686
40,45,south,2.6027405319707233,2.2309204559749056,2.3083829718073674,1.859100379979088,21.712763
40,45,east,2.6280143775922857,2.2525837522219594,2.330798465840777,1.8771531268516326,21.578882
40,45,west,2.617087414504219,2.2432177838607594,2.3211072902448135,1.8693481532172995,21.636765
40,46,north,2.6515422567587112,2.272750505793181,2.3516654539110005,1.893958754827651,21.45425
40,46,south,2.60567544073043,2.2334360920546543,2.310985956362108,1.8611967433788787,21.697216
40,46,east,2.632652044728223,2.256558895481334,2.3349116349077694,1.8804657462344454,21.554316
40,46,west,2.620021963196602,2.245733111311373,2.323709955454129,1.8714442594261445,21.62122
40,47,north,2.6533519551302347,2.2743016758259156,2.3532704840143155,1.8952513965215962,21.444664
40,47,south,2.6086110696247857,2.2359523453926733,2.313589579607697,1.8632936211605613,21.681665
40,47,east,2.6367686944460162,2.2600874523822996,2.338562711145574,1.883406210318583,21.532509
40,47,west,2.6229575920909576,2.2482493646493924,2.326313578699718,1.873541137207827,21.605669
40,48,north,2.65493733155877,2.2756605699075174,2.3546765619181946,1.8963838082562643,21.436266
40,48,south,2.6115474186537897,2.2384692159889625,2.316193841544135,1.8653910133241356,21.666111
40,48,east,2.6387775100478326,2.2618092943267136,2.340344339268613,1.8848410786055947,21.521868
40,48,west,2.6258943011872855,2.2507665438748163,2.328918159981581,1.875638786562347,21.590113
40,49,north,2.656525588525899,2.277021933022199,2.3560851945854697,1.897518277518499,21.427853
40,49,south,2.6138604911445706,2.2404518495524894,2.31824531655084,1.867043207960408,21.653858
40,49,east,2.639392505037598,2.2623364328893696,2.340889781253584,1.8852803607411415,21.51861
40,49,west,2.6266266781247465,2.251394295535497,2.329567708574924,1.8761619129462475,21.586233
40,50,north,2.6581120451564066,2.278381752991206,2.357492230525623,1.8986514608260052,21.419449
40,50,south,2.614474765999688,2.2409783708568756,2.3187901198449614,1.8674819757140633,21.650604
40,50,east,2.6400071399600398,2.2628632628228913,2.34143490389313,1.8857193856857426,21.515354
40,50,west,2.627240952979864,2.2519208168398834,2.330112511869046,1.8766006806999027,21.58298
40,51,north,2.6596988618542388,2.2797418815893478,2.3588995858111996,1.899784901324456,21.411043
40,51,south,2.615089400922129,2.2415052007903964,2.319335242484508,1.867921000658664,21.647348
40,51,east,2.6406214148151568,2.2633897841272774,2.341979707187252,1.8861581534393976,21.5121
40,51,west,2.627855227834981,2.2524473381442696,2.330657315163168,1.8770394484535582,21.579725
40,52,north,2.6612867587540436,2.2811029360748942,2.3603078991330504,1.9009191133957455,21.402632
40,52,south,2.6157036757772465,2.2420317220947825,2.3198800457786293,1.868359768412319,21.644094
40,52,east,2.64123532960295,2.2639159968025284,2.34252419113595,1.886596664002107,21.508848
40,52,west,2.628469502690098,2.2529738594486557,2.3312021184572895,1.8774782162072128,21.576471
40,53,north,2.662132556898633,2.281827905913114,2.3610580415350975,1.9015232549275953,21.398151
40,53,south,2.6163175905650395,2.242557934770034,2.320424529727327,1.8687982789750284,21.640842
40,53,east,2.641844923582852,2.2644385059281587,2.3430648429395537,1.887032088273466,21.50562
40,53,west,2.629083777545215,2.2535003807530414,2.331746921751412,1.8779169839608685,21.573217
40,54,north,2.662365520457403,2.282027588963488,2.3612646580247203,1.9016896574695734,21.396917
40,54,south,2.6168357274445904,2.2430020520953633,2.3208840677931186,1.869168376746136,21.638098
40,54,east,2.6419223380575594,2.2645048611921936,2.3431335022058115,1.8870873843268279,21.505209
40,54,west,2.6296987725349807,2.254027519315698,2.3322923637363817,1.8783562660964148,21.56996
40,55,north,2.6622510190483015,2.281929444898544,2.3611631061797436,1.9016078707487867,21.397524
40,55,south,2.61622289285877,2.2424767653075173,2.320340541880695,1.8687306377562645,21.641344
40,55,east,2.6418074765811332,2.264406408498114,2.3430316310154096,1.8870053404150953,21.505817
40,55,west,2.6302954040912114,2.254538917792467,2.332821519104706,1.878782431493723,21.5668
40,56,north,2.6621357975045514,2.28183068357533,2.3610609156439173,1.901525569646108,21.398134
40,56,south,2.6156093381383014,2.2419508612614014,2.319796377277422,1.868292384384501,21.644594
40,56,east,2.641692975172032,2.2643082644331702,2.342930079170433,1.8869235536943083,21.506424
40,56,west,2.6296768084282034,2.25400869293846,2.3322728836654902,1.8783405774487167,21.570076
40,57,north,2.662021656162774,2.2817328481395207,2.360959683144365,1.901444040116267,21.398739
40,57,south,2.614996863619805,2.24142588310269,2.3192531707104225,1.867854902585575,21.647839
40,57,east,2.640412215699786,2.2632104705998164,2.3417941674956433,1.886008725499847,21.513208
40,57,west,2.628884300247598,2.253329400212227,2.331570004386263,1.8777745001768558,21.574274
40,58,north,2.6619067946863484,2.281634395445441,2.360857811953964,1.9013619962045347,21.399347
40,58,south,2.614382948832012,2.240899670427439,2.3187086867617253,1.8674163920228661,21.65109
40,58,east,2.6390702447824226,2.2620602098135048,2.340603967098696,1.8850501748445876,21.520317
40,58,west,2.6275419692629103,2.2521788307967805,2.330379484643891,1.8768156923306505,21.581385
40,59,north,2.660784104769434,2.2806720898023722,2.35986209292051,1.9005600748353102,21.405294
40,59,south,2.6137650733036533,2.2403700628317025,2.3181606900133587,1.8669750523597521,21.654364
40,59,east,2.637727553730411,2.2609093317689237,2.3394131280109,1.8840911098074362,21.52743
40,59,west,2.6261999983455473,2.2510285700104693,2.3291892842469437,1.8758571416753909,21.588493
40,60,north,2.6594421338520706,2.2795218290160606,2.358671892523563,1.8996015241800506,21.412403
40,60,south,2.6130006503743366,2.2397148431780027,2.3174827196772387,1.866429035981669,21.658413
40,60,east,2.6363859428803713,2.2597593796117468,2.3382232469593776,1.8831328163431227,21.534536
40,60,west,2.624858747562832,2.249878926482428,2.327999722540846,1.8748991054020236,21.595598
45,10,north,3.309209545252149,2.836465324501842,2.934953703824823,2.363721103751535,22.970455
45,10,south,3.2710136034990236,2.803725945856306,2.9010775411985392,2.336438288213589,23.172787
45,10,east,3.2931080546477354,2.822664046840916,2.9206732151340034,2.352220039034097,23.055748
45,10,west,3.2820601089387313,2.813194379090341,2.910874739475423,2.3443286492419513,23.114271
45,11,north,3.314834516991094,2.8412867288495094,2.9399425180456733,2.3677389407079246,22.940659
45,11,south,3.2749322161884966,2.8070847567329973,2.904552977452893,2.339237297277498,23.152029
45,11,east,3.297024867000587,2.8260213145719315,2.9241470546612347,2.355017762143276,23.035
45,11,west,3.2859776414262316,2.8165522640796268,2.914349217693503,2.3471268867330224,23.09352
45,12,north,3.3204594887300396,2.846108133197177,2.944931332266523,2.371756777664314,22.910862
45,12,south,3.2783971440494537,2.8100546948995317,2.9076260384724324,2.34171224574961,23.133675
45,12,east,3.300941679353438,2.829378582302947,2.9276208941884656,2.3578154852524555,23.014252
45,12,west,3.289895533981056,2.8199104576980476,2.917824015257007,2.3499253814150394,23.072765
45,13,north,3.3258601385259965,2.850737261593711,2.9497211942879376,2.375614384661426,22.882254
45,13,south,3.2808311991611725,2.8121410278524337,2.909784813541754,2.3434508565436944,23.12078
45,13,east,3.304860292042911,2.832737393179638,2.931096330442819,2.3606144943163647,22.993494
45,13,west,3.2938127064012312,2.823268034058198,2.9212981741296633,2.352723361715165,23.052015
45,14,north,3.3304751214205086,2.854692961217579,2.953814244593189,2.3789108010146487,22.857807
45,14,south,3.2832659744075396,2.8142279780636055,2.9119442273019254,2.3451899817196713,23.107883
45,14,east,3.3087767443284384,2.8360943522815183,2.934569850624627,2.363411960234599,22.972748
45,14,west,3.2971912181043757,2.8261639012323223,2.924294592247333,2.355136584360268,23.034119
45,15,north,3.3347876477626763,2.8583894123680085,2.957639044741897,2.38199117697334,22.834963
45,15,south,3.2856996694519345,2.8163140023873723,2.9141026830258228,2.3469283353228105,23.094992
45,15,east,3.312694276815938,2.8394522372708044,2.938044328842707,2.36621019772567,22.951996
45,15,west,3.2996270735527156,2.828251777330899,2.9264549640437774,2.3568764811090825,23.021215
45,16,north,3.338704460115528,2.861746680099024,2.961112884269129,2.38478890008252,22.814215
45,16,south,3.2881340846309772,2.818400643969409,2.9162617774405697,2.348667203307841,23.082096
45,16,east,3.315987812630567,2.8422752679690575,2.9409653814402055,2.368562723307548,22.93455
45,16,west,3.3020611286644344,2.830338110283801,2.9286137391131,2.3586150919031676,23.008322
45,17,north,3.342621992603028,2.8651045650883096,2.964587362487209,2.387587137573591,22.793463
45,17,south,3.290567779675371,2.8204866682931753,2.918420233164467,2.3504055569109803,23.069204
45,17,east,3.318421867742286,2.8443616009219594,2.9431241565095276,2.370301334101633,22.921656
45,17,west,3.3044951837761527,2.8324244432367025,2.9307725141824217,2.3603537026972523,22.995428
45,18,north,3.3465398851578523,2.8684627587067304,2.9680621600507138,2.3903856322556085,22.772709
45,18,south,3.2930021948544144,2.8225733098752124,2.9205793275792127,2.3521444248960104,23.056309
45,18,east,3.3208562829213286,2.846448242503996,2.9452832509242737,2.372040202086663,22.90876
45,18,west,3.3069288788205475,2.8345104675604693,2.932930969906319,2.362092056300391,22.982536
45,19,north,3.350457417645352,2.871820643696016,2.9715366382687947,2.39318386974668,22.751957
45,19,south,3.2954362499661336,2.8246596428281143,2.9227381026485353,2.3538830356900955,23.043415
45,19,east,3.323290698100372,2.8485348840860327,2.94744234533902,2.373779070071694,22.895864
45,19,west,3.3093632939995903,2.836597109142506,2.9350900643210656,2.363830924285422,22.96964
45,20,north,3.353577761077032,2.8744952237803134,2.9743040857171295,2.3954126864835943,22.735428
45,20,south,3.2978706651451763,2.8267462844101514,2.924897197063281,2.3556219036751256,23.03052
45,20,east,3.3257251132794146,2.85062152566807,2.949601439753767,2.375517938056725,22.882969
45,20,west,3.311797349111309,2.838683442095408,2.9372488393903873,2.3655695350795063,22.956747
45,21,north,3.356011816188751,2.876581556733215,2.9764628607864516,2.3971512972776794,22.722534
45,21,south,3.300304720256895,2.828832617363053,2.927055972132604,2.357360514469211,23.017626
45,21,east,3.3281580881891606,2.852706932733566,2.9517592567868154,2.377255777277972,22.87008
45,21,west,3.3142321243576767,2.84077039230658,2.9394082531505585,2.367308660255483,22.94385
45,22,north,3.3584462313677936,2.878668198315252,2.978621955201198,2.39889016526271,22.709639
45,22,south,3.302738775368614,2.830918950315955,2.9292147472019257,2.359099125263296,23.004732
45,22,east,3.3305925033682033,2.854793574315603,2.9539183512015614,2.3789946452630026,22.857185
45,22,west,3.3166665395367194,2.8428570338886168,2.9415673475653046,2.369047528240514,22.930954
45,23,north,3.360881006614161,2.8807551485264233,2.980781368961369,2.4006292904386863,22.696741
45,23,south,3.305173550614981,2.8330059005271266,2.9313741609620965,2.360838250439272,22.991835
45,23,east,3.333026918547247,2.85688021589764,2.956077445616308,2.380733513248033,22.84429
45,23,west,3.3190995144464654,2.8449424409541133,2.9437251645983538,2.370785367461761,22.918066
45,24,north,3.363297778494317,2.882826667280843,2.982924815450317,2.4023555560673695,22.683939
45,24,south,3.307606885592051,2.835091616221758,2.93353229734057,2.3625763468514656,22.978945
45,24,east,3.3354609736589658,2.858966548850542,2.95823622068563,2.3824721240421183,22.831396
45,24,west,3.3215335695581842,2.8470287739070153,2.945883939667675,2.372523978255846,22.905172
45,25,north,3.365628494283985,2.884824423671987,2.98499193838282,2.404020353059989,22.671593
45,25,south,3.3100409407037703,2.8371779491746603,2.9356910724098912,2.36431495764555,22.966051
45,25,east,3.3378950287706846,2.861052881803444,2.9603949957549522,2.384210734836203,22.818502
45,25,west,3.323967984737227,2.849115415489052,2.948043034082422,2.374262846240877,22.892277
45,26,north,3.3680639896650004,2.886911991141429,2.98715199083384,2.4057599926178574,22.658691
45,26,south,3.3124757159501375,2.839264899385832,2.937850486170062,2.3660540828215266,22.953154
45,26,east,3.3402858758034966,2.8631021792601397,2.962515449373339,2.385918482716783,22.805838
45,26,west,3.32640239991627,2.8512020570710885,2.9502021284971685,2.3760017142259073,22.879381
45,27,north,3.3705131676043365,2.8890112865180027,2.989324178410989,2.407509405431669,22.645718
45,27,south,3.3149104911965046,2.841351849597004,2.9400098999302333,2.3677932079975035,22.940256
45,27,east,3.3426169516604887,2.865100244280419,2.9645828916512666,2.387583536900349,22.79349
45,27,west,3.328780284525411,2.8532402438789233,2.9523110856802752,2.3777002032324366,22.866785
45,28,north,3.372961985476348,2.8911102732654412,2.991496046642714,2.4092585610545347,22.632746
45,28,south,3.3172743331800008,2.843377999868572,2.9421064026417865,2.369481666557143,22.927734
45,28,east,3.344947667450157,2.867098000671563,2.9666500145837698,2.389248333892969,22.781143
45,28,west,3.331111000315079,2.8552380002700675,2.9543782086127783,2.3793650002250564,22.854439
45,29,north,3.3754104432810355,2.8932089513837447,2.993667595529014,2.4110074594864543,22.619776
45,29,south,3.3196050489696685,2.845375756259716,2.9441735255742896,2.3711464635497634,22.915388
45,29,east,3.3472783832398245,2.8690957570627065,2.9687171375162733,2.3909131308855893,22.768797
45,29,west,3.333442436239395,2.8572363739194815,2.9564459702361305,2.381030311599568,22.842089
45,30,north,3.377859621220372,2.895308246760319,2.9958397831061627,2.4127568723002653,22.606802
45,30,south,3.3219357647593366,2.84737351265086,2.946240648506793,2.3728112605423837,22.903042
45,30,east,3.3496094590968166,2.871093822082986,2.970784579794201,2.3925781850691554,22.756449
45,30,west,3.3357724318944144,2.8592335130523554,2.9585124544777845,2.3826945942102964,22.829746
45,31,north,3.380307718957735,2.897406616249487,2.998011012647039,2.4145055135412394,22.593834
45,31,south,3.324266120481681,2.849370960412869,2.9483074520938715,2.3744758003440576,22.890697
45,31,east,3.3519408950211336,2.8730921957324003,2.972852341417553,2.394243496443667,22.744099
45,31,west,3.338104227886055,2.861232195330904,2.960580535446561,2.384360162775754,22.817394
45,32,north,3.382757256964395,2.8995062202551956,3.000183519569612,2.416255183545996,22.580858
45,32,south,3.3265975564059964,2.8513693340622828,2.9503752137172237,2.3761411117185696,22.878347
45,32,east,3.354271250743477,2.875089643494409,2.9749191450046313,2.395908036245341,22.731754
45,32,west,3.340434583608399,2.8632296430929136,2.96264733903364,2.3860247025774277,22.80505
45,33,north,3.385285289647735,2.901673105412344,3.002425643794717,2.4180609211769535,22.567467
45,33,south,3.3289282721956646,2.853367090453427,2.9524423366497263,2.377805908711189,22.866001
45,33,east,3.3566023266004694,2.8770877085146878,2.9769865872825596,2.397573090428907,22.719406
45,33,west,3.342765299398067,2.865227399484058,2.964714461966143,2.387689499570048,22.792704
45,34,north,3.3878403273803914,2.903863137754621,3.004691718926657,2.4198859481288513,22.553932
45,34,south,3.3312586279180088,2.855364538215436,2.9545091402368047,2.379470448512863,22.853657
45,34,east,3.3589654484493168,2.879113241527986,2.9790824513032637,2.3992610346066554,22.706888
45,34,west,3.3450963752550593,2.8672254645043367,2.9667819042440704,2.3893545537536136,22.780355
45,35,north,3.390396085247696,2.906053787355168,3.006958432749445,2.4217114894626404,22.540394
45,35,south,3.333590783976973,2.85736352912312,2.956577540551006,2.3811362742692666,22.841303
45,35,east,3.3614135461866805,2.8812116110171546,2.981253680844139,2.4010096758476287,22.69392
45,35,west,3.347426730977403,2.8692229122663453,2.9688487078311496,2.3910190935552884,22.768011
45,36,north,3.392952203182325,2.9082447455848497,3.009225465917657,2.423537287987375,22.526854
45,36,south,3.3359218598339653,2.8593615941433987,2.9586449828289334,2.382801328452832,22.828955
45,36,east,3.3638623640586918,2.8833105977645928,2.983425549075864,2.402758831470494,22.680948
45,36,west,3.349758526969044,2.871221594544895,2.9709167887999257,2.392684662120746,22.75566
45,37,north,3.3955083211169534,2.9104357038145316,3.01149249908587,2.42536308651211,22.513313
45,37,south,3.3382514954216607,2.8613584246471375,2.9607111477251635,2.384465353872615,22.816614
45,37,east,3.3663111819307034,2.8854095845120318,2.9855974173075888,2.40450798709336,22.667976
45,37,west,3.3520881625567394,2.8732184250486337,2.9729829536961554,2.394348687540528,22.743319
45,38,north,3.398063718916934,2.912626044785944,3.0137588935632333,2.427188370654953,22.499777
45,38,south,3.3405825712786528,2.863356489667417,2.962778590003091,2.386130408056181,22.804266
45,38,east,3.368820491113184,2.887560420954158,2.987822935570622,2.4063003507951315,22.654684
45,38,west,3.35441995854838,2.8752171073271824,2.975051034664932,2.3960142561059854,22.730967
45,39,north,3.400619476784239,2.9148166943864906,3.016025607386021,2.429013911988742,22.486238
45,39,south,3.342690405394629,2.865163204623968,2.964648038117856,2.3876360038533067,22.7931
45,39,east,3.3713758889131644,2.8897507619255696,2.990089330047985,2.4081256349379747,22.641148
45,39,west,3.3568640955451765,2.8773120818958655,2.9772187514061383,2.3977600682465545,22.71802
45,40,north,3.4031755947188675,2.917007652616172,3.018292640554234,2.430839710513477,22.472698
45,40,south,3.343802293291817,2.866116251392986,2.9656341767885763,2.3884302094941554,22.78721
45,40,east,3.373932726982442,2.891942337413522,2.992357001907047,2.4099519478446014,22.627604
45,40,west,3.3593125533498642,2.8794107600141694,2.9793903002924385,2.399508966678474,22.70505
45,41,north,3.4057320727208205,2.919198919474989,3.0205599930678706,2.4326657662291575,22.459156
45,41,south,3.3449141811890044,2.867069298162004,2.9666203154592954,2.3892244151350033,22.78132
45,41,east,3.3764884848497467,2.8941329870140686,2.9946237157298348,2.4117774891783905,22.614065
45,41,west,3.360717536048966,2.8806150308991136,2.980636386138666,2.400512525749261,22.697607
45,42,north,3.4082881906554494,2.9213898777046707,3.0228270262360835,2.4344915647538925,22.445616
45,42,south,3.3461492121110745,2.868127896095207,2.9677156702651795,2.390106580079339,22.774778
45,42,east,3.3781408338005865,2.8955492861147887,2.996089191882663,2.4129577384289904,22.605312
45,42,west,3.362094793564102,2.8817955373406585,2.9818578823872093,2.4014962811172156,22.690311
45,43,north,3.410843228388106,2.9235799100469477,3.025093101368023,2.4363165917057903,22.432081
45,43,south,3.3474296115159965,2.8692253812994255,2.9688512625945442,2.3910211510828545,22.767996
45,43,east,3.379519171517696,2.8967307184437394,2.9973116461674807,2.413942265369783,22.598011
45,43,west,3.363472051079239,2.8829760437822047,2.983079378635754,2.4024800364851706,22.683016
45,44,north,3.412987789371153,2.9254181051752743,3.026995122716082,2.437848420979395,22.420721
45,44,south,3.3488047086271884,2.8704040359661613,2.970070842770542,2.3920033633051347,22.760712
45,44,east,3.3808960689655088,2.8979109162561505,2.9985328230705997,2.4149257635467913,22.590717
45,44,west,3.364850388796348,2.8841574761111555,2.984301832920571,2.4034645634259633,22.675714
45,45,north,3.414365406953614,2.926598920245955,3.0282169383100506,2.4388324335382956,22.413424
45,45,south,3.350183046344298,2.8715854682951125,2.971293297055359,2.392987890245927,22.75341
45,45,east,3.3822733264806453,2.8990914226976963,2.9997543193191434,2.4159095189147464,22.583422
45,45,west,3.3662283664461334,2.8853385998109715,2.9855239678599643,2.40444883317581,22.668415
45,46,north,3.4157426644687505,2.9277794266875006,3.0294384345585947,2.4398161889062506,22.406128
45,46,south,3.3515599437921098,2.8727656661075227,2.972514473958479,2.393971388422936,22.746117
45,46,east,3.383650944063106,2.9002722377683767,3.000976134913112,2.4168935314736473,22.576124
45,46,west,3.3676063440959187,2.8865197235107876,2.9867461027993563,2.405433102925656,22.661116
45,47,north,3.4171206421185363,2.9289605503873166,3.030660569497987,2.440800458656097,22.398829
45,47,south,3.3529379214418955,2.8739467898073388,2.9737366088978714,2.3949556581727824,22.738817
45,47,east,3.3850289217128915,2.9014533614681928,3.0021982698525047,2.4178778012234936,22.568825
45,47,west,3.3689836016110557,2.8877002299523333,2.9879675990479,2.406416858293611,22.65382
45,48,north,3.418497539566349,2.9301407481997273,3.0318817464011065,2.441783956833106,22.391535
45,48,south,3.354315539024356,2.8751276048780197,2.9749584244918394,2.395939670731683,22.73152
45,48,east,3.3864068993626764,2.9026344851680084,3.0034204047918975,2.4188620709733404,22.561525
45,48,west,3.370360859126192,2.888880736393879,2.989189095296444,2.4074006136615655,22.646524
45,49,north,3.419875877283458,2.9313221805286784,3.033104200685924,2.4427684837738988,22.384233
45,49,south,3.3556938767414657,2.8763090372069704,2.976180878776657,2.3969241976724756,22.724218
45,49,east,3.3877841568778133,2.903814991609554,3.0046419010404413,2.419845826341295,22.55423
45,49,west,3.371739196843302,2.8900621687228303,2.9904115495812613,2.408385140602358,22.639223
45,50,north,3.421253134798594,2.9325026869702238,3.034325696934468,2.4437522391418534,22.376938
45,50,south,3.357071134256602,2.877489543648516,2.9774023750252008,2.39790795304043,22.716923
45,50,east,3.389162134527598,2.9049961153093697,3.0058640359798345,2.4208300960911417,22.54693
45,50,west,3.3731157342237896,2.8912420579061053,2.9916324071389564,2.4093683815884215,22.631931
45,51,north,3.4226307523810555,2.9336835020409047,3.0355475125284364,2.444736251700754,22.36964
45,51,south,3.358449111906387,2.8786706673483318,2.9786245099645936,2.398892222790277,22.709623
45,51,east,3.3905401121773835,2.906177239009186,3.0070861709192274,2.421814365840988,22.53963
45,51,west,3.3744940719408993,2.8924234902350565,2.9928548614237735,2.4103529085292137,22.62463
45,52,north,3.4240087300308404,2.9348646257407203,3.0367696474678287,2.4457205214506,22.36234
45,52,south,3.3598263694215245,2.879851173789878,2.9798460062131378,2.3998759781582315,22.702328
45,52,east,3.391918089827169,2.907358362709002,3.00830830585862,2.422798635590835,22.532331
45,52,west,3.375872049590684,2.893604613934872,2.9940769963631664,2.41133717827906,22.61733
45,53,north,3.4253863476133013,2.936045440811401,3.037991463061797,2.446704534009501,22.355043
45,53,south,3.3612039870039845,2.8810319888605584,2.981067821807106,2.4008599907171324,22.69503
45,53,east,3.3932957074096297,2.9085391777796827,3.009530121452588,2.4237826481497353,22.525034
45,53,west,3.3772493071058207,2.894785120376418,2.99529849261171,2.4123209336470146,22.610035
45,54,north,3.426763965195762,2.9372262558820816,3.0392132786557653,2.4476885465684015,22.347746
45,54,south,3.362226218137442,2.8819081869749503,2.9819744434671365,2.401590155812459,22.689615
45,54,east,3.3946729649247662,2.9097196842212285,3.0107516177011324,2.4247664035176903,22.517738
45,54,west,3.3786276448229304,2.8959665527053686,2.9965209468965273,2.4133054605878073,22.602734
45,55,north,3.428141942845547,2.9384073795818972,3.0404354135951577,2.448672816318248,22.340446
45,55,south,3.363047891771309,2.8826124786611222,2.9827031897257443,2.402177065550935,22.685263
45,55,east,3.3960498623725783,2.9108998820336387,3.011972794604252,2.4257499016946995,22.510445
45,55,west,3.3796819219482424,2.8968702188127793,2.9974559902993345,2.414058515677316,22.597149
45,56,north,3.4278780134968954,2.93818115442591,3.0402013333990325,2.4484842953549255,22.341845
45,56,south,3.3638699254725,2.883317078976429,2.9834322553297774,2.4027642324803575,22.680908
45,56,east,3.397072093506036,2.9117760801480306,3.0128794162642816,2.4264800667900253,22.50503
45,56,west,3.380619177193184,2.8976735804513005,2.9982872464391934,2.4147279837094175,22.592184
45,57,north,3.4269079921254497,2.9373497075360997,3.0393410168255475,2.4477914229467497,22.346983
45,57,south,3.364691599106368,2.8840213706626012,2.9841610015883857,2.4033511422188343,22.676556
45,57,east,3.397648921359434,2.912270504022372,3.0133910076342603,2.42689208668531,22.501974
45,57,west,3.381556072370801,2.8984766334606866,2.999118183233627,2.415397194550572,22.587221
45,58,north,3.425515611782696,2.936156238670882,3.038106108069177,2.446796865559069,22.354359
45,58,south,3.365513632807559,2.884725970977908,2.984890067192419,2.4039383091482565,22.672201
45,58,east,3.396238537650469,2.9110616037004022,3.012140131606666,2.425884669750335,22.509445
45,58,west,3.3815992804497075,2.898513668956892,2.9991565046845623,2.415428057464077,22.586992
45,59,north,3.4241045079390826,2.9349467210906424,3.0368545933507343,2.445788934242202,22.361834
45,59,south,3.364907999568223,2.884206856772763,2.984352928188484,2.4035057139773026,22.67541
45,59,east,3.394827433806856,2.909852086120162,3.010888616888223,2.4248767384334684,22.51692
45,59,west,3.3801892568080674,2.8973050772640576,2.9979059480023933,2.4144208977200483,22.594461
45,60,north,3.4226941242301177,2.9337378207686724,3.03560371732314,2.444781517307227,22.369305
45,60,south,3.3630255675972074,2.8825933436547495,2.9826833903094285,2.4021611197122916,22.68538
45,60,east,3.3934166900305667,2.9086428771690573,3.009637421515205,2.423869064307548,22.524393
45,60,west,3.378778152964454,2.896095559683818,2.99665443328395,2.4134129664031816,22.601936
