AirTemperature,RadiantTemperature,AirVelocity,Humidity,Clo,PMV
25.364987049478838,24.46490876993086,0.7757777422749124,36.71698082812441,0.8311564668661524,0.01
21.954698573023403,23.153322744911932,1.0,37.24897069499087,1.319527224262748,0.01
24.416084854795855,21.30453817114836,0.41703354282148547,20.0,1.0729638517227906,-0.0
22.708271106580284,23.012830284213894,0.3771140685355242,58.21591244522717,0.9940487556959627,-0.0
21.40105605556627,24.588619223109248,0.46001882183043374,61.35819783606412,1.0936592758627612,0.01
21.262126850264455,24.82423903111471,0.31121775725989753,35.959754863618805,1.1052424364979851,0.01
22.972170500023225,19.55298071635074,0.2801653295947421,20.0,1.2740272769286407,-0.01
19.8480227204058,23.435200387438158,0.554523447061951,27.45780392001657,1.4965437263993469,0.0
19.133634386823687,23.508683344457495,0.03175024104194328,22.175007104144406,1.175685845213752,-0.01
20.36623121372414,27.012774294219383,0.16433338497489963,22.81799355181113,0.9233954157148575,-0.01
21.755078336882946,23.918666475321288,0.4840369919054641,33.69767483727969,1.1935119313929385,-0.01
24.377094831604232,24.45712179228499,0.9249680782753287,39.03956370029385,0.9542904640000835,0.0
21.952915032920806,20.787494550243924,0.2642837715023819,45.45534526354727,1.189952639189764,-0.0
22.227024845321477,22.677861536348043,0.46339665369105953,24.983474073784866,1.2469175954654093,0.01
18.824772488748927,29.2318507009156,0.1161039592864549,24.071489457101567,0.7951840284159672,0.01
28.978948018633368,19.860620269422295,0.617001033286978,20.0,0.6688385347139281,0.01
24.18447928808805,20.615784541741522,0.4833879767792373,33.9103896627214,1.0863943068941269,0.0
21.657153148243683,21.142752309724127,0.3160258097334002,20.0,1.3346340016549307,-0.01
21.111961696453687,20.292616760485288,0.29458763529763304,20.0,1.4563618354459948,0.01
25.697039460395512,21.480934298478868,0.3306413834670274,25.617741524878802,0.8763168906194759,-0.01
23.822472310432975,21.722386460123744,0.31405748608029427,40.89291128452721,0.9868031264427144,-0.0
23.20791087335617,26.219846886510386,1.0,32.56954970368029,1.0539727009976356,-0.01
21.57493151424785,25.635364323359425,0.41626233111788014,39.82252052825293,1.0741591402001156,-0.0
22.412999545584714,19.685079474179766,0.3378073744903226,31.587658919089773,1.301960246023196,0.01
23.987677164791183,23.31628449852533,0.6650676015454575,34.902822950755464,1.0133158040174977,-0.01
22.206461850256584,23.51352489273662,0.7871331407790461,35.95152679476426,1.2441437433632567,0.01
22.836151827721476,24.652683704045984,0.2801909794639702,20.0,0.9823035267395994,-0.01
19.29838563612082,21.340429137260145,0.20664011698319917,22.877413865325778,1.5,0.01
23.085869438772253,22.55650920871433,0.18051558890675956,20.0,1.0176256403574362,-0.01
22.831481160795015,20.289264548027113,0.0344386769066615,20.0,1.0902140016176827,0.0
17.820515305977086,24.91769002511347,0.14626589272373292,20.0,1.2950260457650107,-0.01
24.856856952842357,23.337635451471368,0.2128547054447071,20.0,0.8254345319376069,-0.0
24.151736454672815,24.576458886100884,0.12387311455184996,52.69352563851369,0.5902720409482209,0.01
24.29416181159378,21.10113455430879,1.0,20.0,1.1751644659361273,-0.01
20.309317949482978,22.70237548366996,0.052956369528536044,22.513930869304975,1.139251116809905,0.01
23.78852742978552,21.996240790615072,0.48527571300783645,20.0,1.1227241328804496,-0.0
22.33057807281968,21.783893306465668,0.2835436502964509,20.0,1.2134842788244362,-0.01
24.173445341461708,24.090145087582886,0.19502667518574346,20.0,0.8299956729994572,0.0
20.154966693073817,26.295828282496363,0.6153927307071786,20.0,1.3872559956999007,0.01
18.899368719599135,24.893589520314972,0.33340043841828604,32.79557227562076,1.3780799411098732,-0.0
25.06704873502105,21.70010035456202,0.30598875611685794,47.13452783241326,0.8394220316358774,0.01
21.93870021630192,21.745824502093352,1.0,38.86531314859235,1.3481741267977465,-0.01
19.332236049831888,25.42170605276466,0.5038916871157993,20.0,1.476728620591929,0.01
19.733639120188247,21.687374434033963,0.29747146212437753,40.3701264233941,1.4226336907538408,0.01
24.0589752005451,21.32301402895236,0.08229436322691219,20.0,0.9216802322063786,0.0
19.979767184082185,25.905901051460425,0.34102733173548583,20.811816045505786,1.2537993477588594,-0.01
25.461109827671454,16.546388669146396,0.06984266087330175,20.0,1.1969200869366032,0.01
24.714491906078354,21.43790904458929,0.0893188767358955,52.92913538012895,0.7137943994085101,0.0
26.298313820056826,23.63050971229417,0.5025105276060549,20.0,0.7767761596769026,0.01
22.132801460139177,21.588237900814065,0.1830775929684787,40.316025488767714,1.080504584028459,-0.01
26.753948448558376,20.14914655677981,0.4162556052963144,38.4392847499458,0.7968898403633098,-0.0
17.233632112452334,23.873016385920646,0.3440151796178874,66.70583685617295,1.5,0.0
22.193852216132598,23.21141995103958,0.25316198883946295,58.20117794860303,0.976709654019093,0.01
22.472439554409004,24.857926396788393,0.3245224793933572,58.30991659246367,0.898648756171955,0.0
25.259333053851915,21.424912597745838,0.16411110148219188,27.096879582864048,0.8414487286109682,-0.01
21.325111293752514,22.95847941969233,0.1976075250885787,20.0,1.191588377198002,0.01
25.05386415947178,23.892036415658932,0.7558236097200282,20.0,0.9379546732712134,-0.01
20.988288554428944,25.646730943587794,0.3589553813950537,37.78560701612425,1.105187136389007,-0.01
20.04854484220759,24.05158826827017,0.3496641894007638,20.0,1.384220556884363,0.01
23.984826838747374,25.9040953220237,0.11568627786355844,20.0,0.6057743405855232,-0.01
21.62540675532285,22.455339598427535,0.0862259484235533,26.589647822431324,1.0095102343266071,0.0
23.11122658921922,25.29077733206419,0.3435415144339997,36.46012700514278,0.896365814280809,-0.01
23.284188843868655,20.010731100415406,0.013617860605756059,63.74746976312362,0.8622440397051685,-0.01
23.569974202537708,26.76911320681103,0.23285926612769733,37.57913001184587,0.6739815265735676,-0.01
26.398918898015918,25.881801192573036,0.7665248751979101,20.0,0.7020370674471101,-0.01
23.278623805679363,20.837324917265658,0.2591758231143768,20.0,1.1695007652261453,0.0
20.894692618737903,25.268623358250288,0.13900876957300476,20.0,0.9787858227668013,0.0
22.44958763867432,20.89288754396729,0.4262357327595481,46.9892536329108,1.1861755498703466,-0.01
19.15300993996985,27.090458910698768,0.20773635777910898,49.092463867789434,1.0186515603037156,-0.0
26.003983034300195,20.069831489440038,0.8516357802364063,42.016649613858206,0.9030442871696945,-0.01
24.025041652647193,21.50048052697659,0.06456307713751437,20.0,0.8996175547382181,0.01
21.210063597290663,20.262073845754717,0.5322600747412075,25.421607567537702,1.5,0.01
20.57756791316482,22.31613668546918,0.306726455438143,45.70321031127723,1.2674102781994006,-0.01
20.36640048406973,23.061008761073616,0.10959500307674847,20.571177299554144,1.1266177023605064,-0.01
25.006832155364386,23.159264702975605,0.2009077703303913,25.831966161080892,0.7954522275131748,0.01
20.349453877442315,22.319346692605812,0.17354173092782482,20.0,1.286008206509091,-0.01
23.702245982221207,24.079854036187307,0.471370784261067,74.57200894683531,0.8208098626725551,0.0
25.046132323702594,21.815935707685913,0.20328285987903483,20.0,0.8991438714942844,-0.0
21.81239854638372,21.80701514893692,0.20825498992181096,20.250820972023146,1.2318373918786885,0.01
23.48805665509562,25.126191490767756,0.32013281044211256,53.500589314843225,0.7984983191865775,0.01
21.719492303700378,20.29228295786413,0.7409562930599956,55.358345646729056,1.3418733698418208,0.01
18.881341886163238,21.861122727770482,0.29551956238495836,48.0596923492943,1.462633482668469,-0.0
20.733239149114315,23.37740656501088,0.05221462797020626,45.73585481227388,0.9372910663351806,-0.01
24.05318384104011,23.388650118430018,0.13297201153034413,53.12208727787253,0.68682621981916,-0.0
24.649020256069143,22.89310855047737,0.2921260033035739,20.0,0.9260396176731863,0.01
26.902443638372112,16.361765738023358,1.0,50.03300850894385,0.9091139195979724,0.01
21.15231771638049,21.57233473874046,0.08301739576248396,20.0,1.1459192454883789,0.0
22.58195242512031,20.083139289769186,0.8477736789953305,30.656810740198832,1.3683913869455366,0.01
20.697698627887313,28.324245591464425,0.19911251171536315,25.590830672805748,0.8478244296745364,-0.01
24.131133392508353,23.810589533109123,0.4006519346929294,25.470217449607922,0.9396092969498245,-0.01
21.06351486057805,23.627550392247485,0.271706399327098,20.0,1.2359337599362274,0.0
20.05551697352644,19.80347489965173,0.11900673712432773,20.0,1.4363882960039565,-0.0
23.854802192979303,21.743078176719393,0.26867150215165386,20.0,1.0661361586683482,0.01
21.961469102912435,19.305969492101653,0.3455304060994896,41.80971777877062,1.3299126643629466,0.01
22.400781167672463,22.194073957378208,0.61992758576624,38.44783757318219,1.2304636876673203,0.01
23.243460833857185,23.656320549442853,0.5837219132298003,50.13537999953252,1.0080217538000569,0.0
23.912366171843747,20.840593098306876,0.34377330201157075,20.0,1.121901547472419,-0.01
21.395241065433865,23.138216990110646,0.461572967947433,20.0,1.3184924377622458,-0.01
23.67341447753457,28.918229762728764,0.7193336773066039,32.977680592218874,0.8324094506677937,0.01
21.780998816258155,21.90409414223302,0.16545786337797194,28.956330105257273,1.1392866663039831,0.0
20.54473413669099,24.826175082865785,0.14464220588942664,51.85705856341444,0.9187326674795487,-0.01
21.760957513173967,23.023557710807733,0.22968480441309988,48.92117800659638,1.0374257855388505,-0.0
22.940033708336447,21.22013831696499,0.5823741798370471,52.59202252473193,1.1310730178000632,-0.01
19.725802450559506,21.892251394317213,0.8492825098560322,63.484910312507395,1.5,-0.0
19.907665714418556,25.609483472718644,0.21517107113065995,42.978510379966416,1.0701577866865826,-0.0
18.952308863020928,21.32102618910438,0.18908911725133737,26.051986127685495,1.5,0.01
18.907753121203733,23.587239821992387,0.14548666334097968,20.0,1.2967156992079436,-0.0
24.960624259702428,16.57412445475495,0.07803995455953361,28.357965287019475,1.1675598571682406,-0.01
21.78417929463125,21.999346528883567,0.3745733983986377,20.0,1.3081418785583943,-0.0
28.533323068615402,23.446043054296158,0.28922658039304866,20.0,0.5,0.0
22.52416685732238,24.616194388106834,0.26284835726118455,30.032830634750717,0.9664025825496724,-0.01
21.754292040256615,21.089641862957745,0.22492893873879224,20.0,1.298986457625381,0.01
21.772176998743266,25.558449121447463,0.21225492708627858,34.14992900855515,0.9220176494146816,-0.0
21.836150610499537,23.58708944873525,0.1629827485747641,20.0,1.049041891925038,-0.0
23.034607999417506,20.12820960451796,0.24405829990934788,20.0,1.2343000498229422,0.01
21.686232050940767,21.645380188956864,0.2764958368813041,29.598247940213025,1.2583171036378737,0.01
24.580913982009793,22.7322787938636,0.16945567479221502,37.48417548064533,0.7843935729165905,0.0
22.88302136463951,25.895488570632878,0.35022717228658296,48.42717135621997,0.8495594650312744,-0.0
20.767916885619407,23.801705818605406,0.24684039504283828,49.350714805754734,1.1143390430862357,0.01
22.73203450762999,24.709541084894386,0.28130656205567434,30.729969250700496,0.946197360230323,-0.01
24.464107240444854,22.190549157375365,0.7245425290923075,20.0,1.0870854493783364,0.01
25.546437950060024,23.30562174274899,0.08544563828272403,20.0,0.6369376185817613,-0.01
19.209867437232838,20.511428028312654,0.2023152079081123,39.004625175882225,1.4861525468702443,0.01
24.223411504647768,22.18162002090876,0.3003902499578873,20.0,1.0043297319821738,-0.0
24.398028024005033,20.886737645511644,0.6344205173155213,68.23249661346688,0.9354318008590192,-0.0
20.408658646820943,24.041580506846373,0.3074281997255475,20.0,1.3104968067172518,0.01
23.392958775318185,22.161548724939895,0.009381593148858277,23.060604526686383,0.8906357607817064,0.01
23.517015322433647,20.162124527747547,0.6887977652821973,43.65476387910386,1.1780738745884114,0.01
21.607263096254766,24.36666496882255,0.10407472175935771,34.22321753505965,0.8637662700990063,0.01
25.0419762976678,25.3057094477089,0.3895322016150222,20.0,0.779681626145101,-0.01
19.87915113131035,20.352023255930714,0.1607732850784568,31.864278543541147,1.417853819981607,0.01
24.584635387887978,20.01983314557358,0.4170806096189715,23.43904073898394,1.1112239206284056,0.01
23.64865068971024,27.8208984775096,1.0,37.053547152889394,0.9245844129872208,-0.01
23.448581160598046,19.329795089788995,0.388716958066031,20.0,1.2860643236406433,0.01
23.645481567046804,16.66599120154445,0.053210930342915255,44.58378888618108,1.165806115506331,0.0
23.980435272831304,24.192697526834625,0.38443277311402246,20.0,0.9556690276033661,-0.0
24.854867123590303,20.30791386384687,0.25637287077635085,20.0,1.0465267535041511,0.01
20.869276978634602,19.903880054105507,0.19787587965777587,55.749126583305454,1.2644327557959352,-0.0
22.414392660176215,17.02153754243437,0.39577411785923844,20.0,1.5,-0.01
21.697035354804772,21.92167319159102,0.0387412589136337,21.80431650920445,1.0705343871138657,0.01
26.067558563567168,20.49573520359828,0.5575617714398425,20.0,0.9599850729682132,0.01
20.351454911136493,20.173203230195405,0.25381124756751844,20.0,1.5,-0.01
25.626869270533327,23.09117206373789,0.4330326515242837,20.0,0.8481720687927249,-0.01
19.340338564787814,21.329038375256612,0.24034524864220785,24.216897718274094,1.5,-0.01
24.940448616541104,23.615738876646123,0.8987024991444571,42.44720414510805,0.9026353688866993,-0.0
21.997103179981796,24.34427441724295,0.5919172287119827,21.405327020282193,1.239994150257687,0.0
25.591984656822593,18.743628235074237,0.07517724767987122,45.22847556658543,0.8625076262974473,0.0
17.448394949773757,27.22762076719147,0.3962000810215953,20.0,1.5,-0.01
23.891729198914025,23.77503714845777,0.34211354597374044,40.62458910133687,0.8777829186161508,-0.01
25.374535591925532,19.95190038269371,0.20859707028104807,45.05862666342917,0.8783503276869244,0.01
22.47788602963332,21.412040595824216,0.33036817448521494,20.0,1.253256978465498,0.01
23.53353558472392,20.63651592157062,0.08521399469970559,35.886648999382956,0.9309719591253305,-0.01
25.477253257861406,24.593022328341917,0.629436437893677,20.0,0.8413687463741252,-0.0
21.71530918596669,20.86993689715218,0.17710306245955154,20.0,1.2581083992222624,-0.01
24.750545956534545,21.392765109452228,0.6750226464996414,20.0,1.081650497818649,0.01
22.602051609383537,26.754572999947673,0.2825474290583657,20.0,0.8985947009684931,0.01
23.86214808453251,24.957864263054795,1.0,20.0,1.0920846078740003,0.01
20.359008413601217,26.66596298691883,0.24401869279529065,67.66482446317005,0.9160107017006935,0.01
20.614330860453233,20.531017889691228,0.33962602597061253,26.36167791429526,1.4671168473894465,-0.01
24.01774099219026,26.39802807109552,0.4906887277950427,20.0,0.8714546394952003,-0.01
23.74853895501961,23.373902964438702,0.39678159569553295,26.942864398907336,0.9947823550230517,-0.01
23.27889783891134,22.13891893775731,0.23499649912680576,20.0,1.0680275374639274,-0.01
26.404530799046036,23.69107129075675,0.389600247241059,42.263301235807646,0.6396642109942436,-0.0
21.410018602104568,25.92583402039009,0.3006449930965535,20.0,1.0846947443181212,0.01
20.99411328081384,23.513230314849036,0.12594594657064523,31.430112870860725,1.0202282819550363,-0.01
21.460543525224033,25.527925278249644,0.15356974410157725,23.38674049354798,0.918056162891115,0.0
24.406412425466495,22.72603544275281,0.4829294504586617,39.58068583922065,0.9431611886252946,0.01
21.688142703397368,21.52396523825942,0.30568003798399745,20.0,1.3138865926419743,-0.0
20.874009897682903,25.643583370709717,0.17425687607456075,20.0,1.0052796527365122,-0.01
19.555484780939747,23.375441724416234,0.24604605839870672,32.500759832649706,1.3183047175214675,-0.01
20.339716686328465,22.675643020739045,0.08684765656273316,34.29315821250622,1.0658014401326654,-0.01
22.308628202614774,22.403148126255754,0.35913304925629075,51.02030733785223,1.0842152252452038,-0.01
23.903193241188212,22.016389110055613,0.3695195653160276,29.563014904028716,1.03764765222401,0.01
21.302936448384553,23.711511990048102,0.36063909089501567,20.0,1.2600818376837517,-0.0
23.239148215454716,19.905657506744028,0.546920332465992,79.82647470392001,1.0502040912406312,0.01
22.233181747300108,22.473808953853986,0.18495394524950576,47.73895829138067,1.0017075930916997,0.01
23.573434566610803,21.617746924429202,0.45160897314994525,20.0,1.1544688012104751,-0.0
22.24284318145607,25.62753346889407,0.06976062922769137,20.0,0.7516387023844894,0.01
21.722897107226398,21.891924849151675,0.25836943828724696,26.776391433911613,1.231705081888943,0.0
21.916381666785053,21.48685171771238,0.2724696995802246,27.864566426002078,1.2365620567613382,-0.0
24.37471602437392,19.5421613673726,0.21185804817467907,20.0,1.115093088898193,-0.0
26.93468905777281,22.29903873807106,0.3468061793897821,23.290005905016088,0.7237191705067088,0.0
23.20019420591143,22.029655263211893,0.4811439630451777,43.21867633884511,1.0951563540990974,0.01
22.521617116735175,22.424683983473923,0.3825102500326527,20.0,1.219935075272365,0.01
21.959901599681533,22.30436087000572,0.18010688196561053,20.0,1.1547292736350918,0.01
17.66824529502839,25.14689026272086,0.12267714528515826,20.0,1.2300294599792632,-0.01
20.803110356630874,20.853020262410737,0.17219036254690567,28.81175866173408,1.2966839517175672,-0.01
23.27286013630845,23.748596732615404,0.15357771741379986,20.0,0.9021635511637736,0.01
26.96734446708162,17.889550995227943,0.1931313822253269,40.17655889647783,0.8584936608988015,0.0
23.21528097160614,23.271613703599993,0.3209848114110692,22.186817008906672,1.0550986571750287,0.01
24.772038117634356,19.769615366007297,0.4632671425626554,20.0,1.1179992478139913,-0.0
24.27019046516476,24.660060811477376,0.121753223858567,37.284436609158995,0.6255229346527424,0.0
23.77176107745634,23.65799258168475,0.40135557364812113,55.114891722414164,0.8747787708141552,0.0
25.20500908602986,23.014269139411486,0.7303019371822574,20.0,0.9602722592611279,-0.0
23.77708175838649,24.36940082219342,1.0,35.872167238497426,1.0562750462747088,0.01
21.7705933104057,24.44497350887273,0.1032081675460263,29.73774987404405,0.8555834747781699,0.01
20.70159633679378,22.31749982048049,0.276128995041328,28.776838332880967,1.3141125862353218,0.0
21.111155267384046,24.081403178725687,0.35497440019059967,20.0,1.2557502670380551,-0.0
23.46741731452305,22.692911358409862,0.3564271085118722,20.17944698441178,1.0828716734065487,0.0
19.977953292052014,22.973534289293266,0.045031568642270536,20.0,1.1542924459809185,0.01
23.799532105062312,24.279200723152687,0.34856913849817817,20.0,0.9629501625034301,0.01
21.176334055358147,21.513758282256163,0.7053160844877622,20.0,1.5,-0.0
24.68162293970827,22.181858678454557,0.12659909868299402,34.012462013970776,0.7861167597679748,-0.0
24.58637034503171,26.078915951349103,0.41527828596807714,24.376580581129538,0.7878894708155546,0.0
19.371750459114722,23.48931188351463,0.24103249614256847,20.0,1.4025348607873278,0.01
20.833662663714115,26.41679722723082,0.10613095800073602,33.66234745541118,0.7759839256512229,0.01
20.735274866699807,20.893297497781163,0.157333058271381,41.367066715434916,1.2380573921618456,-0.0
25.111448609263892,23.27747333239501,0.5118983730851634,28.501146744882277,0.877365047757474,-0.01
23.60969611971348,23.325357497363093,0.5340190582375531,20.0,1.087930307660547,-0.01
25.294123899738253,19.408579045606906,0.17491345465482966,30.705599291489055,0.9757518030387693,0.01
22.489926444854582,21.19116670486461,0.3320442305384086,22.954871552625672,1.2435940189627996,-0.0
21.702796158999536,28.033695736341144,0.39957710982771033,35.57510379658954,0.9369992473122161,-0.0
23.335960971840496,21.213154377979617,0.2636645912883974,37.296452624286275,1.0562367190133666,-0.0
21.224956166689456,22.59734125607124,0.5361067853080256,26.80195462842847,1.3598640944939127,-0.01
17.803476637961346,26.754514462481485,0.38440965060402,20.0,1.4978185234503214,0.01
22.36648816537057,23.877862434450854,0.29496404789422076,39.57911894219327,1.0235500853309327,0.01
23.59201017082409,18.358683579633382,0.7012256117214426,26.770863758958097,1.3174163417895195,0.01
24.75226535349133,17.874319584096355,0.04804485411180395,36.36627812454362,1.0121515490949053,-0.01
22.242982991344018,22.723399668277892,0.513586002216851,20.0,1.258880110484691,-0.01
19.3801553736484,20.819136950207465,0.2871173503495527,40.1494956710693,1.5,0.0
21.035111843337997,27.33245078146038,0.6526260546369842,20.0,1.237742620135535,0.0
22.62417231079882,22.34375985540338,0.3690980841836694,32.46287695345487,1.1442088898239207,0.01
20.56865571203212,24.849849022355485,0.18493561470989084,30.59567485547618,1.0726206367428117,0.01
21.600392555535198,19.281292636707732,0.41214438535259346,35.74557082234086,1.42280370367558,0.01
19.379150072813335,23.156320814254777,0.312486659775578,20.0,1.4763279161954714,0.0
23.115149662298634,21.369370528310228,0.29400704687788765,68.38987393721757,0.9622554655716012,0.0
22.48212903748028,20.19739338904689,0.24159656360317638,30.754186013274836,1.2243349454926211,-0.0
26.131588542557623,18.880884476274083,0.2962321161798264,20.0,0.9898504857579452,-0.01
19.566665201579866,25.738570020631037,1.0,42.52054312196209,1.5,0.01
20.881646349676206,27.42660349040367,0.3042128937664165,58.05765785256401,0.9139572318844303,0.01
22.8981802665381,17.386849352633764,0.1633901405478464,20.0,1.36856353355564,-0.01
22.053927710136016,20.585591231229003,0.4939966702398786,32.093906156560344,1.3296701259662753,-0.01
22.608247518181074,24.409311246279156,0.12656709896993057,27.16301520959556,0.8277539970496666,-0.01
21.993530790533356,21.13227819043572,0.06987923384148065,20.0,1.0951890768246901,-0.01
21.776237722879564,21.08617663559165,0.3199035344799614,20.0,1.3313071940069623,-0.01
22.237701565473923,27.49075512377884,0.42258670500020135,26.281415452330627,0.9518817892966662,-0.01
24.334847878726293,20.01839420846821,0.8986056654330761,60.96836030796745,1.0399216797057202,0.01
24.617249598635343,26.130325803340003,0.6674401433250545,30.68547751237177,0.8330506676952668,-0.01
21.531287587102295,27.20303144716902,0.7185022735394588,46.246892783044366,1.1031338772137786,-0.0
23.767499295436426,23.787669950613232,0.852060231070611,43.84727332979376,1.0263866427775332,0.01
22.116272441059106,27.93017931235344,0.5134503156947935,20.0,1.0152732165953706,-0.01
24.43265560225641,24.11095704342379,0.5296659944836656,26.563969862558995,0.9243182992797413,-0.01
27.045676811954426,22.921498778891202,0.5575007762630214,20.0,0.7382695815825122,0.01
23.544862094733112,21.628536023923875,0.8235636927170763,23.3790077316422,1.20853543339999,-0.01
21.518199807962574,23.027978111371052,0.3837592870526916,20.0,1.2959263791281699,0.01
21.908456990287334,24.608609696912367,0.4715100413443767,73.14861647721834,0.9859465748845863,-0.01
22.255361408183695,26.079668087423844,0.4177185625578269,20.0,1.061616056624447,0.01
23.817069149616497,25.95943493161643,0.9661768646493667,28.922880504560883,1.006024765507954,-0.0
22.89279876282133,22.15099636866597,0.16748444179964017,20.0,1.0561059244935853,-0.0
25.160548578212516,24.170205516760706,0.8882949881124604,56.01787757183047,0.8026540093804231,-0.01
23.216666954193872,23.762424616647326,0.40288562637790515,26.536749728038266,1.0442521334629338,0.0
20.82430718238576,23.608500651959773,0.23524807348251173,20.0,1.2263994215496057,-0.0
25.50980594374795,24.34350620923651,0.8317666131799438,33.33426991883434,0.8422844937811439,0.01
20.85167656108903,22.861518558146965,0.33545167817030097,36.8436436385403,1.2743822750760914,0.01
22.874964470481185,20.881188512261737,0.023811473209496864,45.39149210869035,0.929152378107931,0.01
18.54051092273385,23.627310711541792,0.20331348315097833,65.12757774144305,1.2494797319672064,0.01
21.12458215403276,25.93630153053884,0.47103080303737505,45.16656061664101,1.1169679645061685,0.0
22.50307657426831,21.975105178970086,0.9082946256854515,51.70006575993945,1.2166393442420027,0.0
23.37865093063883,17.163813876139297,0.2904327802026083,29.4050206961169,1.3257986555713495,-0.0
25.782499174591297,22.299151098836624,0.3204648388357463,28.118249333198893,0.8181338041353754,0.01
21.672890503833237,25.548392753846134,0.19790942546054502,20.0,0.9797631999658141,0.01
21.169819472674178,27.006346595413795,0.36790098553013095,31.566372215856447,1.0530201268113686,0.01
24.183660481028813,25.087345995062094,0.37690953105111813,20.0,0.8831063565380295,0.0
24.161210958834715,22.635628409001097,0.09872649209110221,48.0208517004146,0.7098566083964756,0.01
24.21881200495862,17.35402012936371,0.2522386426806759,20.0,1.2728592136110233,-0.0
22.496307618955267,21.116121426601993,0.881032135941015,20.0,1.3931255943043725,0.01
24.513533611855568,21.245039541313663,0.4166887220998414,20.799802763630282,1.0669310604149784,0.01
22.078158249306384,21.54147196567893,0.5051269919404497,28.007520932602326,1.302800955067918,-0.01
22.378299890984998,22.52718502309451,0.16008016781907453,20.0,1.0610766111852097,-0.01
25.80966254254684,21.48181037190283,0.31088836108113865,20.239034696893427,0.8969179607351903,0.01
20.821952648734282,21.1990148665951,0.25404488170332823,20.0,1.398997552548693,0.0
21.383645361028755,22.0711192664161,0.8074720358732596,20.0,1.4608772894118611,-0.01
18.951018850778034,23.22079638702993,0.29320473049938384,37.526151143291116,1.4318536507671944,0.01
21.866627381649433,25.369470109496955,0.2732456565945751,20.0,1.0511265729105599,0.01
19.47269044267799,22.79825508763329,0.0980595767155657,20.0,1.2201099549816279,0.01
22.46444902847685,24.305187914199454,0.5833072361229993,24.600668498372933,1.1642470989089941,-0.01
17.833600778955343,24.40978013177103,0.11259860221551171,31.783610497133825,1.223499094399433,0.01
21.981005264259824,22.761168011290476,0.2254081293549818,33.766116414507266,1.1047086443565688,0.01
21.893494435377846,21.25816138258286,0.24997190289092283,21.140499695383934,1.2703261765889424,-0.0
24.138168682324277,21.214335143399122,0.313628259319692,30.710258027294813,1.0279994246694368,0.0
21.722352557866703,26.50193824117581,0.6775137700641725,33.9873164927082,1.1526816904950525,0.01
24.68064695575887,22.837738910225365,0.15011507851729378,20.0,0.8218991665022282,-0.01
25.83922148378893,21.285163337012264,0.21322744802890814,23.738156941967276,0.8519719745380161,0.01
23.141015818084526,22.164263389013797,0.16820720322924504,24.462932332540035,1.018890343970917,0.01
21.302052988077378,21.7747494299753,0.2145486417456232,20.0,1.2930510639235062,0.01
24.308281318557956,19.02228295772732,0.9134021684546177,20.0,1.2453017567647446,-0.0
22.313738068546492,25.019452752440426,1.0,30.174664524612595,1.2311333215750833,0.01
20.57048384364287,22.97768330894423,0.5932673647907966,20.0,1.485917608096499,0.01
22.709575951496177,25.742965670300663,0.4563743999784661,20.0,1.0527881187819015,0.01
21.11650696403177,21.643635745015413,0.6462134891664243,20.0,1.5,0.01
26.432337366347518,19.99280765529792,0.7591294219955973,20.0348962636785,0.9578156488502105,0.01
19.37812448233088,25.538115289074188,0.11704479150473357,20.0,1.0360125947781504,-0.01
25.972926612422945,20.453476672298542,0.28187511555775724,20.0,0.9297070456211443,0.01
20.608184470931757,24.247009826486345,0.2927343851770048,20.0,1.2697951301701391,0.01
22.09845095680247,19.975153834225146,0.11557466880397371,29.763776169576428,1.171749532814418,-0.01
21.808140163944948,24.334496396357725,0.1866286370276613,40.871442360501554,0.9522603101207563,0.01
22.120642410189358,23.684282294298615,0.6980034698784996,29.437452830367643,1.2577478074648276,0.01
18.50730798923701,24.72985510309456,0.3287908213828323,29.093383116925875,1.4547664951702375,0.01
20.995468888029972,24.242528711582857,0.11252453536757845,31.869101657841153,0.9559823862421504,0.01
22.312542997514413,21.877884671595794,0.14266908370699052,67.60346367765628,0.897274128161121,-0.0
22.81059998113375,25.708069754026745,0.08982598942938583,20.0,0.6918084213905924,0.01
23.505821807474646,23.50238384078022,0.18886276388933687,28.363144067135575,0.885412105800868,-0.01
23.759330254287022,21.559425827679355,0.608509094342803,20.0,1.169634190932948,-0.01
24.203090285762265,22.128830303085543,0.4251458450381754,24.31604040287003,1.0389324894029848,0.0
22.7838030958586,22.684727757621584,0.3271917698610721,22.59665355797984,1.122961589274682,-0.01
23.129270573877516,24.17748945390553,0.46043822072470997,20.0,1.078094082145512,-0.0
25.496538282833562,22.275226325005978,0.36472487483139315,33.5030504425812,0.8390678784482624,0.01
21.444635130898995,21.543095286746258,0.10442955368543197,43.48024016892632,1.0467368971801654,0.0
19.85714749691929,25.05842445780596,0.35984770006190014,42.7416266584706,1.2574966604393094,0.01
20.023497999125645,22.95756990084425,0.24467703110896608,20.0,1.3645155914483449,0.0
19.32898646522071,23.044670419294533,0.1650915119263877,25.398101488050656,1.295908061035133,-0.01
23.96396946027312,19.35263893991734,0.3056141146935967,20.0,1.2080635016977144,0.01
25.157949369101825,21.99903982322724,0.44406773763423857,32.78060484103029,0.9161601863487855,0.01
21.766857833022765,22.0872903616763,0.07189372907476697,23.191228212194634,1.0253601017036411,-0.01
24.924126758493735,22.541449977415596,0.26561861750903704,20.0,0.9011593275991661,0.0
24.083286746111654,19.965273425048,0.21221752638314803,30.02275281824619,1.0598044739324846,-0.01
22.068272366237416,19.089929236801403,0.48467137483604805,37.955841263911935,1.3696078747635732,-0.01
25.23673686246775,25.158771900265354,0.27903564295017014,49.72721701727243,0.6080746917499028,0.0
20.444063359859438,25.561991124947575,0.6239027424247326,41.55796228239883,1.2962126274291086,0.01
25.39208480200438,20.034325832109737,0.9835475661201105,32.56846292069566,1.0218463070215842,-0.01
21.314828963483148,23.645654150915842,0.39860440054879387,42.42869253083418,1.182940961503865,-0.0
23.544062064700682,23.49763096017257,0.3036857982284793,48.71982726978583,0.8788642265099542,-0.01
27.56540692556638,20.883788039490916,0.6886326963473264,44.750655607646024,0.6770950198697749,-0.01
21.815234433918636,24.957837554277443,0.41484819897769853,20.0,1.1697829448656756,0.01
22.31663820835579,23.25472856177658,0.09532853333367414,28.306598590647265,0.878161650870519,-0.01
26.668672140882443,17.19613094397625,0.06672938726765823,79.59249769908907,0.7126319359643034,-0.01
20.08438814957813,25.051838863912756,1.0,28.94150131812599,1.5,-0.01
21.212790364118522,20.675525832693015,0.560349446451678,20.0,1.5,-0.0
20.952667541385587,22.76749502655473,0.25929874305976297,20.0,1.2825613439600443,-0.01
22.661887449252546,20.368489641858805,0.19650361174062247,20.0,1.2206912613242398,-0.0
22.555649059267722,26.465473921715674,0.41890799107966337,43.571285975436595,0.9127132657289799,0.0
24.213674435627965,19.12255993582905,0.20192485018442105,20.0,1.1522885772389146,-0.0
18.963574061202124,23.893808045175533,0.32788514565166227,20.0,1.4973221964264547,0.01
23.78613504080346,21.689986573746474,0.07698180340186067,20.0,0.9103190239529193,0.01
22.50767325973642,26.346285683246677,0.48316921379723987,40.17732425110102,0.9719532606034523,0.01
25.28558411957693,23.880390597712402,0.32210460160177284,21.710924185390855,0.8087049122215677,0.01
22.136703662178693,20.645328352543928,0.3593576477238405,23.279465248728055,1.3225293190591025,-0.0
21.396986308057183,22.448735565635737,0.46041606901726334,20.0,1.3677670381721876,0.01
18.429829287811998,23.468716929323257,0.10415428335193151,36.535785292852005,1.1927494177601796,-0.0
21.55613106681569,22.157303734843037,0.061952678683857426,72.59200681800507,0.8443712860160157,-0.01
24.76967819049425,19.575006307977784,0.12660282162051847,37.313703564778486,0.9542686138545409,0.01
26.73379383369292,21.942914833545,0.10492374235322602,20.0,0.670461271944711,-0.01
21.56151506365944,26.520461773037866,0.34633970808374137,20.0,1.0616761941678363,0.0
23.288407449673056,19.300228937757172,0.3649440684020828,22.685155291801262,1.2763541179023812,0.0
22.036369386813,21.654909868219104,0.4714527554517563,48.16419608063346,1.2115658045290507,0.0
27.67478812239144,20.72731552576566,0.8196027229726739,45.92613897531033,0.6826192187002864,0.01
23.857288537942043,24.511837842607736,0.7413395579509883,20.0,1.0518919743784725,-0.01
23.215630497225362,20.116918990705734,0.47752287618167366,20.0,1.2689761681287104,-0.01
21.768660824896404,20.4998852807294,0.22807611768838562,24.093165190373483,1.2953562367255191,-0.01
21.69987119508368,23.30776765381441,0.4672365229628155,27.093487524922587,1.2547456849441474,-0.0
20.105263711967435,26.417223952316185,0.2068875627773227,30.26160284062765,1.038490741965625,0.0
26.01378221444694,22.409824878772476,0.5535414683687491,20.0,0.8672660409872942,-0.01
21.527409674996274,22.81518000059494,0.2967831972615836,22.660379740645475,1.2448648170956695,0.01
27.663404278686635,20.525453757719628,0.6955868565906687,22.46274568986398,0.777691933896363,0.01
19.753339982522803,18.480110428343075,0.12770313269539713,66.84257455622925,1.3508243678216334,0.0
22.536034817021058,20.684001194780354,0.2422839157070409,20.0,1.2406482062343218,-0.0
21.651255878617377,23.5587844760613,0.291802501880256,34.06936931872399,1.1180426683733944,-0.01
22.36310249481482,18.408389224834995,0.48688190037429974,31.324178151944192,1.4134582894615095,0.01
19.786596952374264,23.101538102242014,0.1041878807586877,20.0,1.1729558204689914,-0.0
24.188046755562112,16.457243242267417,0.5504758321055351,20.0,1.3516486518814557,0.0
25.35478602171071,23.89958720447704,0.17037890708348297,42.577049210424896,0.6166213791527337,-0.0
25.27997323433871,22.65551381891064,0.4330708621095535,20.0,0.910521497166847,-0.01
21.459969298088055,24.5179099747101,0.14269323232103567,52.45286273093613,0.8640191173356757,0.01
27.12572716339939,20.901353025107127,0.6112542941212441,58.75372254511698,0.6730484420754625,0.0
21.999046203353775,22.13269576725317,0.3093416167609813,40.67211755585831,1.1566436994747138,0.0
23.038454446207936,24.26789495560032,0.15854115415795494,20.0,0.8839949958633476,-0.0
25.453616080978207,21.062800976161945,0.5624013817019567,22.0873004439834,0.9964963000925053,0.01
20.76696311818743,27.51951370858947,0.1387705676392758,20.0,0.8147604670335009,0.0
23.585592174180277,19.300222199766118,0.27267747766028366,45.92202028608067,1.104440117171897,-0.0
20.760009039250424,20.49830210321854,0.5203707395521205,45.511893270740764,1.4353078178506442,0.0
19.444442575830628,22.380915001393276,0.08541756086241614,20.0,1.2341399838108615,-0.01
26.6129436554678,22.239185341360198,0.20204020192468422,20.0,0.7251090023809091,0.0
20.7336958918583,20.891744107349272,0.0721120372740842,37.34212500543194,1.1569329621791622,0.0
20.948078337584207,25.924482686223914,0.2938996268901079,20.0,1.1107772081061995,-0.01
21.76273101254606,25.684638246146267,0.1381338095910921,20.0,0.8699869402858275,0.01
22.420352407347078,20.530210222421708,0.7068706156088811,20.0,1.4049835252234923,0.01
24.36537486872244,25.196274201185744,0.5722669499724934,20.0,0.9280368627660458,0.0
20.82102351692262,22.856354134329155,0.4879894871956656,44.55751048818322,1.3175026721874956,0.01
23.331843181130306,23.460963771060296,0.14390783246635694,37.65466250367532,0.8127080427130152,-0.01
22.29515877278787,22.22405040752294,0.26422220908934596,23.575006943106434,1.162855443154412,-0.01
20.41765423917501,24.074700837803316,0.5592808813305531,20.0,1.430559274807626,0.0
23.50478727038341,22.229665572308175,1.0,31.117240797409984,1.1748512578343373,-0.01
22.730204537380555,24.23895814268637,0.622822954009703,21.546795379031987,1.165620009986784,-0.0
20.112395977519228,23.56988311071125,0.16692186770819795,47.585567457919346,1.1152096461287315,0.01
23.26248454952615,20.420077527217963,0.18931817129761097,36.745662768472336,1.0786113133963111,0.0
21.500656924486,24.95073289274507,0.5329220679050078,20.0,1.2575448198093162,0.01
22.62065622759674,25.01747591689526,0.20990326389352956,20.0,0.9277844015138816,-0.0
21.200022525959707,24.69492217688362,0.33680584198760166,23.598652422721397,1.1743021994159837,-0.01
21.098745969655422,24.00643466385263,0.21415895751466427,38.06140578495073,1.0790817910805992,0.0
24.205579944213472,23.104468498241417,0.40540822653336606,35.19940061089351,0.9351066208523349,0.0
25.197622819101788,23.090355407381292,0.4160442473259163,20.0,0.8869407451852606,-0.01
23.575783979703385,21.87579550051666,1.0,37.24133323267284,1.155050661549722,-0.01
22.310081782239887,22.741451464077013,0.5065408476637646,20.0,1.2671730051199868,0.01
21.58491766573528,25.451159014873173,0.37114893157996276,25.807236653972645,1.1200635821703218,0.01
18.968257288314167,24.05195187836636,0.18953252113476338,37.27232738161517,1.2496858943945064,-0.01
25.317711021965803,23.547041341592415,0.9313303237982743,39.1827383891444,0.877432328475497,-0.0
22.163211057869127,23.896012201579403,0.209261237361862,44.65836225975559,0.9536617378507564,0.01
21.85661838570325,19.9624707995205,0.4768044445319139,20.0,1.4490336274937623,0.01
21.461288120793665,21.61242355942438,0.060122044390507695,25.288169977349646,1.0768810841849161,-0.01
20.263202737915165,21.70013391603052,0.13277420717593025,60.02004310994358,1.1138979341170119,-0.0
21.891269317472595,24.460580708387766,0.09877923895301524,20.0,0.8690172181117338,-0.0
17.709112427518335,25.342907869414955,0.08353284321099297,20.0,1.1907244862284005,-0.0
21.155791361778345,22.1145863684452,0.38917015012433787,29.00048217110205,1.3459143010764378,0.01
23.11940652575646,24.12194780784746,0.3123926420874483,20.0,1.0198253536867643,0.01
20.03245993751901,24.41019810230315,0.20070021604189875,44.352145745173694,1.1109154211924692,-0.01
19.329025633910884,19.507046633476413,0.015530979156030031,22.40401275259015,1.4576547350187916,0.0
21.889036981418563,19.053777583731264,0.3969898399744014,31.048188432378694,1.405458522226535,-0.0
22.571116367909838,20.920760113482118,0.14101314527729722,20.0,1.1395430935628983,-0.01
23.034453939640038,21.94322360357852,0.2226633053548176,20.0,1.0906179270701437,-0.01
20.08185188963589,25.94393201982669,0.14180758023850612,20.0,1.0100687262784296,0.01
19.217815692331943,23.305637222451693,0.09715545456999092,20.0,1.1918147833015942,-0.01
20.10813988028071,27.297933063071465,0.5996653790056151,42.52430562292931,1.241852058803635,0.01
23.53865893446909,22.79397843718039,0.3190147856933199,28.023370815096367,1.018999258318642,0.0
22.47053602004258,22.655536157497256,0.23740786076050413,42.922270230349405,1.015158933870186,-0.01
22.821940786350954,23.379445452170188,0.20110636943353463,24.0536980805015,0.9930327463871091,-0.0
22.17363814092548,22.8244083276785,0.15697661136431365,20.0,1.076366458704316,0.01
21.238574582852678,23.914405786126245,0.4481980438644361,23.62681351399271,1.279961688514544,-0.0
23.46808592299067,23.348296232740953,0.17462523979003575,22.043612751623186,0.9247526446010392,0.01
25.862531713739667,22.716670210574712,0.210495281659327,20.0,0.7681966401780724,-0.0
24.769694288393573,20.80294382489953,0.3331857032626095,20.0,1.0487359459808774,0.01
22.260383020077594,20.393591421159346,0.07485553462030577,20.0,1.1407752647592886,0.01
22.238005705328447,28.37181310376633,0.21232116087563382,20.0,0.7435845014319785,0.0
23.411553451369393,24.328089610434713,0.352074254102104,33.90774704412095,0.9351995118937635,-0.0
20.53616314087393,22.91499813823946,0.24626325398504087,28.192080540527126,1.2838712778995358,0.01
21.663369860033672,21.23686706178499,0.0522773047780883,30.49510737879278,1.0783930789063887,0.01
23.534259274860872,21.377458960745038,0.2372606022858546,20.0,1.0938463914194916,-0.0
20.874972119344548,22.40565065419201,0.08399794289210366,22.23138822347065,1.0864922716058807,-0.01
20.459536549854164,21.582630956129925,0.406058637756943,20.0,1.5,0.01
20.84333587238925,21.03324102811324,0.11306773923149707,41.910067560921505,1.167912480790261,0.01
21.81532299086173,20.400267567697163,1.0,20.0,1.5,-0.01
21.36948451345415,24.81643329863933,0.2932624138490849,20.0,1.1373798935836752,-0.01
23.47459972239011,22.19202635511268,0.5693991429641289,20.0,1.1757138697602219,0.01
19.79827269544974,23.24907541935941,0.07670553158815416,20.0,1.1464393644734894,0.0
22.717031993293045,20.042770013350573,0.13392139537157702,20.0,1.1833991632304133,-0.01
21.815248540697034,23.042600589163353,0.4965386246896392,20.0,1.3005032855283463,0.0
26.98064948473212,20.91903819777671,1.0,20.0,0.8584438714771028,-0.01
25.62291952431385,23.013738830092134,0.13224112245660366,20.0,0.7055275526334757,-0.01
18.906792722941173,25.00924846787392,0.0493105406561955,27.076375620661114,1.0643423939018812,-0.01
20.79513648766749,20.4157750689813,0.3274405677716118,20.0,1.4875624007559425,0.0
20.056663847195274,21.774499242329014,0.08699916094522464,56.911333050687794,1.0728401960434177,-0.0
24.464432762764982,23.433219874058246,0.6116087674038093,26.846546847193682,0.980905361177119,0.0
24.405713283314295,22.416464661530224,0.5512313011991055,20.0,1.0586444071166636,0.01
16.277749841728806,25.277562692275236,0.1291608230131451,55.290985018438185,1.2489095712688147,0.0
23.314511648126942,23.785479896511877,0.1334090044850383,20.0,0.8711666180148594,0.01
22.208483578494516,21.393409148600988,0.28875560761384883,59.59985417279759,1.0747201487098748,-0.01
23.30010446558204,21.82545296936689,0.25729754120158965,20.0,1.0944096380700394,-0.01
21.132964711248448,21.24226660022089,0.20467168610028408,47.15713788611654,1.193187364428858,-0.01
24.86864210024447,23.217034202155364,0.36039520212349985,50.987473522602265,0.7805737454413166,0.0
22.304246156729423,23.09548726375468,0.6161194399977119,20.0,1.271767978445022,-0.0
25.584629611523933,19.930502591572274,0.20345638727628584,20.33641953799507,0.9708481534610299,0.0
21.443698834285666,19.916725654783882,0.4891153180141176,20.0,1.5,0.01
22.357173353037542,21.493528742228584,0.2853344732751084,28.467102506574204,1.1944734985441108,-0.0
21.509163620441377,26.178479886208674,0.25295032536924156,31.18924496625669,0.972471763874989,0.01
23.111783424585465,21.2585944396725,0.7569955152943113,20.0,1.2790945681072106,-0.01
21.826860797516897,25.274648998172825,0.9606548585122608,20.0,1.3011461870887202,-0.01
22.73675276476077,26.681980548220956,0.25383790847153137,20.0,0.8551958095339416,0.0
24.339854090587142,20.412476421489977,0.2157644408566584,20.0,1.0548704098429145,-0.01
21.182815002339513,27.563540646088505,0.3043548471317229,30.755641222540053,0.9554799830705725,-0.01
21.721920921471707,23.90239869450745,0.6144841261819112,25.551668225714547,1.2731603114535848,-0.01
21.18225519754393,25.734117136393035,0.1667294848921057,20.0,0.9610887249660522,-0.0
20.919454161891935,24.363592680984013,0.13170380795635392,42.242369828387424,0.9287955004396962,-0.01
22.63113886352057,19.000885275621858,1.0,20.0,1.4735528026801876,0.01
21.764945258487572,25.995946094702983,0.09155373796590238,36.04453733613671,0.7097290500619426,0.01
22.41098966613973,22.165608133479868,0.22185035391744884,37.931343543809334,1.0605127779591397,-0.01
24.575367529652723,21.92985751453034,0.3014483665216257,23.696771344997057,0.9588345360636509,-0.01
20.08859099561001,23.426012210712067,0.13336158938141485,46.45672700090399,1.0610764746622363,-0.01
21.273567703023428,27.13397723372981,0.7519510670379455,20.0,1.2418641762546498,-0.01
19.663940485416816,24.860366264791082,0.31061924556981274,20.0,1.3470794601468519,0.01
19.18998581419858,26.423986192447327,0.08133155595096575,20.0,0.9653388086379086,-0.01
25.4744354281178,21.211507538365034,0.41852327296672975,20.0,0.9600869357614079,-0.01
27.060800748031692,21.997494269540223,0.3708676040261787,22.657469890977872,0.7349553939756095,0.0
20.728342862044784,24.51082284372457,0.62789456988926,20.0,1.4015323462714602,0.0
20.658624393578968,22.521349775132677,0.3470305721653174,20.0,1.394047059223054,0.0
20.399137246555924,26.680566090894494,0.14968043066144526,32.59583217324535,0.8810041668329874,-0.01
22.756417806472985,18.653339947566444,0.3513749410296908,20.0,1.3773040936139558,-0.0
22.454908360036516,22.030131348438832,0.2029646018821597,20.0,1.133463808300057,-0.01
24.26431804832762,20.984289658087505,0.622294815899634,46.40709220041413,1.021212275095219,-0.01
22.887025206969824,24.358106076376455,0.5010800839989529,20.0,1.1231808442881146,0.01
21.91034027485734,20.165306084781847,0.12672116445638779,33.37235644730504,1.188358361364146,0.01
26.76050670883682,22.019845259800146,0.26347698960875043,20.0,0.7502410730338844,0.0
20.861013306395993,26.668052969730606,0.32565409058782036,20.0,1.1204489362601247,0.01
22.545420661472328,21.90394863224046,0.42597850771941587,33.31377001183469,1.1870412870055302,-0.0
23.940060736374758,19.923069939792093,1.0,40.09398067560138,1.1687905181495641,-0.01
20.41948319888344,23.88162108147446,0.7020788007884389,38.83611768686524,1.3925257244656548,-0.01
25.934989471043256,18.390531050432628,0.07922353757035012,22.712084988799695,0.9891244494296534,0.0
23.53027545105187,20.14813384660026,0.3401359779130445,39.59614533845253,1.118828755149181,0.0
18.72798637280014,19.297902897227843,0.15287948322594125,49.83975261235083,1.5,-0.0
24.40096225599181,24.592592967465656,0.732083081877569,40.557224027834025,0.9070208414976555,0.0
21.732315801107617,18.725221819333747,0.2708564739425036,20.0,1.4679126818481518,0.01
20.77154980301679,23.044772012790915,0.14347413124638972,20.0,1.155690861842479,-0.01
22.906319670278105,16.856607483790093,0.46158891037555794,63.40689437897099,1.26518180709776,0.01
23.63595662170723,19.007924297057,0.27747426394722474,49.3738605187325,1.1058309749090267,0.01
23.20420268243647,24.07791648987186,0.8091483836465786,46.66108015696234,1.0573381187049447,0.0
21.69599363802013,20.693175925323953,0.10865158506629168,43.400338435158744,1.1035418101562746,0.01
20.848663613396617,21.958974900672228,0.19774557045072327,63.327741705510455,1.0998703402076986,-0.01
21.409247832839743,22.31190192139863,0.13502783771608876,34.39920123435018,1.0829466652170638,0.0
16.777106571107435,24.285713902722087,0.2167203942837778,41.05672448944436,1.5,0.01
22.14679607993024,20.512840993738322,0.3419731076169016,36.20213863558409,1.263019771964797,0.0
21.05133015041039,21.099328704491153,0.6003592458664144,34.534868671491616,1.4501252481648645,0.01
20.86772608860427,22.735637396759195,0.22123050830193725,24.22615864329962,1.2502601565047424,0.0
20.209788292891975,20.26911166052959,0.3879663088755374,37.9982905306407,1.5,0.0
24.45560966074081,22.781920869899505,0.8157288169461426,43.15685195130932,0.9702811697295424,-0.01
21.518255006280405,24.549229672724927,0.5405358834180451,43.68223740768435,1.1691161864855764,-0.01
17.559156273631753,25.790723862375415,0.15523694549525546,53.926960992007444,1.157868660921795,0.01
22.447742056747177,29.28462020689424,0.22315358606388105,41.863867605665206,0.5977343873871614,-0.01
19.845636916623203,24.033765524180136,0.5405965188771867,20.0,1.5,0.01
19.40609593226754,19.37480623784612,0.1374526628240785,46.196171132844924,1.438817188534851,0.01
23.236252659971417,20.900529552072385,0.3211444703893849,46.79809845523246,1.0645275127864258,-0.01
22.660581971122664,23.318303534521306,0.21455281802000484,20.0,1.049908417776041,0.01
24.55602859707883,22.00723406432575,0.5423330495288864,66.5753818838776,0.8679598445123551,0.01
23.628975040885628,16.685158525359245,0.661119062631538,35.38203351325366,1.342883597951669,0.01
21.175040256463145,23.366085546837144,0.31055299252692503,39.61519364611948,1.1743825027164037,-0.01
24.159243587657784,20.667398412232895,0.5381998782183716,39.75788625453917,1.0751780447572379,0.01
19.889931695760758,21.976825409246867,0.105463210736565,51.66991837270592,1.1193289408299838,0.0
22.920783522099647,25.826791870475777,0.26129375135988625,20.0,0.8946455136941821,-0.0
17.279967867563926,24.058841980653597,0.1740784827110391,27.145999120587412,1.4404549698628897,-0.0
24.315389047679073,22.004612696208497,0.8248114527256079,20.0,1.123908063303237,0.0
21.50520680500392,24.41563190094444,0.2922619437712517,50.52776261625351,1.0263523166650186,-0.0
22.769893893825163,20.405420844300394,0.26626631012188506,20.0,1.2602960087047008,0.01
24.659127742202145,27.296155568828002,0.40978511833074677,20.0,0.7297512317176305,0.01
23.239967141203696,21.75996530906538,0.4062143307493151,20.0,1.1660581253853461,-0.01
25.19460467537123,22.044387967769456,0.17806794255678654,20.0,0.8579959135239243,0.0
27.51543537822968,19.290015180103175,0.5337944504993185,28.612121237834902,0.8098901042307486,0.0
23.506603960896715,21.89162515152348,0.12419172829273713,42.43267338228616,0.8765710134761517,0.01
21.50375438915663,20.195240452731877,0.16422490538988976,80.0,1.053370717921181,-0.0
22.89327636503418,22.778180230490253,0.21571755002492554,20.0,1.0464473571276418,-0.01
20.76218754974937,23.759124562107584,0.33209009242530985,34.9641171656558,1.2416889533494109,0.01
23.568458974426868,19.188178287954617,1.0,20.0,1.3430828594444124,0.01
22.906358267730052,23.892794919048093,0.3486022319959047,21.27882827110298,1.0559968452639557,-0.01
22.070727334559127,21.665551906684676,0.13583880092178496,20.0,1.121616725597771,-0.01
23.883995399341593,17.85027720611717,0.08344969697832572,20.0,1.2047209488088706,-0.01
22.202324819216646,21.32565968148359,0.19021120232747357,33.28394703535699,1.1293359201290931,-0.01
26.489332343929796,20.83637752440646,0.8999902915174114,55.594294811049025,0.7757085345483629,-0.01
19.559321193231128,24.295812410570814,0.31012538162354125,26.36753867971619,1.3445350806532135,-0.01
23.173078208084405,22.362694209054222,0.21411043953190176,20.0,1.0541643040865112,-0.0
25.538784744808186,20.72887740101949,1.0,38.177059607620585,0.9589176515071851,-0.01
22.575514513768596,20.828552872321694,0.07698606849597323,35.00663801712853,0.997592339776371,-0.0
23.157718566509253,25.28483571098561,0.38085759393350505,20.0,0.9913662844592792,0.01
20.13911385066238,22.190641791881237,0.43269771191253925,20.0,1.5,-0.01
23.64745391115044,22.93759542163618,0.5187879648201051,20.38181167735139,1.096281902433927,-0.01
24.989130140815785,23.20619736653485,0.5885656081608076,20.0,0.9615623561197116,0.01
24.665689295804434,22.77655708840517,0.3239933219478493,20.0,0.9365703985551814,-0.0
24.972270215495946,22.836289525083238,0.5223928136660912,25.2520114607997,0.9394134854447509,0.0
24.368508122392274,24.16358964007321,0.4222924993456559,68.97731206917945,0.7431016441786941,-0.01
23.34478612447345,25.349075549831255,0.1514770801619915,20.0,0.7620751184898313,-0.01
20.72291160870829,21.839712199047455,0.1458090957447348,23.51326259116686,1.230652787668499,-0.01
23.183936437776275,23.158856611518406,0.18712276845068243,26.39960083694633,0.9578581690558365,0.01
25.613622673810447,22.03544123088355,0.5299286854089342,20.0,0.9372042404486662,0.01
23.57035916548397,25.40626563284823,0.8020937930562685,20.0,1.0562172498460636,-0.01
23.358282160376277,17.128940751520066,0.3807099627577829,55.15510874915115,1.2251229765461231,0.0
22.36862735095614,19.091776047324096,0.468106192505805,35.71170360876141,1.346432290281218,-0.0
25.77961035816708,22.338997212705884,0.3215124966679854,20.0,0.8488921868600978,0.0
22.529426616004113,20.060591103721194,0.6641085096229244,23.738929183754482,1.3692535362059997,-0.01
20.85138655338113,19.7274836427409,0.3003116096499603,63.48044982988239,1.3070395006933855,0.0
23.974233365698115,20.696781895756477,0.5464983668175128,23.58525751830817,1.1601125202034215,-0.0
21.82137504446543,20.30143543522659,0.08714354482701031,20.0,1.1892221497575448,-0.0
24.94618585727048,22.990701792044447,0.35448050396987707,20.0,0.8994247420488345,-0.01
25.70610154281772,22.924926835860248,0.5116490660732146,20.0,0.8673084560852414,-0.01
20.63850585977278,18.807371988544006,0.07129095008529082,29.704727903477735,1.3510375955428844,0.0
24.836397731712026,22.38190733034638,0.659037855555519,31.07484907394592,0.9689001864688856,-0.01
20.761872027399786,27.337685630583657,0.4150020732109865,21.311244158152306,1.13865213875902,-0.01
23.77510166916541,18.1236858284487,0.4039824806161623,20.0,1.2939315035716905,-0.01
19.594612406362593,26.823246064415248,1.0,29.128359144002154,1.5,0.0
24.70781375703837,20.44775111132624,0.5410805498199451,20.0,1.1096330136005572,0.0
23.922038440654607,21.01116229493287,0.4606616402032011,20.0,1.1602504583200746,0.01
23.688608189476145,20.90876913376588,0.6272831535977512,20.0,1.2165499993526623,0.0
20.431117015623844,23.905761627965884,0.07360943627586188,20.78177708380401,1.0443315021254984,0.01
25.146461485154212,23.137660728103064,0.8934920136538795,45.081493926021224,0.8947255855863103,0.01
24.184207324540935,24.539851684622395,0.17577934632379416,25.799886605525952,0.7544626937958165,-0.0
22.76671812222189,23.119155945654278,1.0,20.0,1.2818978131519323,-0.01
26.270408953881432,21.262217540662906,0.1989720426815521,20.0,0.8227014004005633,0.01
25.322778870814272,19.871130809539707,0.11158123396591134,40.14079763115933,0.8527881990805383,-0.0
22.907246845540364,26.43155949742423,0.26008519512579403,20.0,0.8492076261367335,-0.01
23.44094771037235,21.70798920680736,0.6360268727483601,47.535325906345555,1.0817926688918842,-0.01
26.6573625688475,23.227631496651185,0.3352121217575983,20.0,0.7048240845413809,-0.01
24.438683435465993,20.00912517746562,0.20846665188031552,20.0,1.088777469283567,0.01
21.016165006656987,24.98700823516367,0.27245634112084516,20.0,1.1479671713616915,-0.01
23.26418833467941,23.77874782225412,0.11140313948414914,41.36294064973275,0.75167229114586,0.01
20.47111882725242,22.58941131660583,1.0,40.33485977227457,1.5,-0.0
22.08898625819525,23.65843506363102,0.2366845764085803,20.0,1.0946725799343138,-0.0
23.045206527884517,20.905651078651758,0.46905500463666866,22.126570519805608,1.258219356389186,0.01
29.33602663184446,22.21371102852921,0.3371128405271968,20.0,0.5,0.01
23.361806099152286,28.11945514481564,0.2312886020274299,46.436570773215806,0.5785871051633027,-0.01
23.135168343206125,21.580003143173315,0.2487037706943633,22.84746685083407,1.115709460228732,-0.0
25.910767049671428,22.90833871009918,1.0,20.0,0.9072606055694481,-0.01
25.35973376583925,23.584286175518752,1.0,36.231710714478524,0.8854604924082328,-0.01
24.94141531813575,20.965834097053172,0.5379784158359672,33.12593839228927,0.9961402487348432,-0.0
20.460927365535515,28.454151226906284,0.06788300233160979,20.0,0.6962946815108508,-0.01
25.557558954302568,22.978099806307124,0.11549468361496472,20.0,0.7145033105296481,0.01
24.36947535876288,23.40659113076061,0.13526012052257394,20.0,0.804485196143596,0.01
23.549606679451774,21.923606169164223,0.21386314827735406,22.57268108357459,1.0386746502217046,0.01
23.406046484015434,22.960220159729754,0.831394301496794,20.0,1.190625106872501,-0.0
22.657983549244623,26.860874285834065,0.8222014980327258,22.617096863759357,1.0993869684907662,-0.01
21.643871292991452,26.06454244863282,0.16036320780086946,20.0,0.8931622816708913,0.01
18.62860759720281,24.79056795138857,0.28672236539167495,24.320606826348964,1.4207084206561118,0.01
23.971913535605754,21.84979848599231,0.2560981740914855,28.836020414941043,0.9955763855565357,0.01
19.282066794278567,23.966265041423114,0.23658377215341458,23.373697873894365,1.342038521813902,-0.01
24.783561471710758,20.028196868706395,0.33952432433078594,23.890471601794815,1.0657131896478171,0.0
25.358036672740973,20.108322873588733,0.21534941836638463,20.0,0.9889558900505494,0.01
27.113059561248786,19.160681348591886,0.031539035562253084,28.115198259237566,0.7762033123039205,-0.0
24.21609906002776,24.19036469528036,0.664251448275608,20.0,1.0107370815409409,-0.0
23.931692630202935,20.686352221443148,0.03050314042763998,20.0,0.9728653827497529,0.01
24.990140898935888,22.322355629967173,0.5191561660116272,45.94247461611198,0.8766670948465528,0.0
24.1347732681911,23.117106874096617,0.13095116234355672,26.642749483150823,0.8032720509009801,-0.0
21.167250069696582,22.44579530788402,0.334025156524866,20.0,1.3367507112844836,0.0
21.434914122668268,24.175672137353196,0.26981578298325887,20.0,1.1679602455543785,0.01
21.423946588325016,21.842176814835526,0.2940227967813111,47.5426822066961,1.1944892659680064,0.0
27.809999509913997,17.22408255761205,0.0645052518723729,40.05963643871863,0.8336607702190124,0.01
24.891688533894936,21.470714009331438,0.12022546721605916,47.7587879395795,0.7495474941386083,-0.0
21.740589080129293,25.279182451553297,0.5447038714811605,29.71488269081451,1.1622639128606176,-0.01
22.146115816122435,17.392654986511324,0.07531663037518159,47.384035875372746,1.2403539392444616,0.0
25.13466838795648,23.66394443535923,0.439072802814862,20.0,0.8734707480978999,-0.01
22.244660728970846,18.574984983811675,0.2917764357047165,32.37847288233245,1.348178639871338,-0.01
23.042124194455756,20.26042877408389,0.15774439510922122,23.93969513306395,1.1547874740176336,0.01
18.947012965765147,24.315372967606656,0.2744198790033174,46.38094595720817,1.2970340607566593,-0.01
20.17046760364469,26.36866245777958,0.27524647339673586,41.68531568645611,1.0699345834177485,-0.0
26.316628479089328,22.416317372675426,0.4350200680492668,20.0,0.820646525337842,0.01
23.133102720398494,23.80553871741146,0.1526348691591937,39.758165718064895,0.8142009870020425,-0.01
23.497763794973647,20.082089572585463,0.030524456797409307,20.0,1.0462932562905929,-0.0
22.93972816636757,22.80050792755485,0.1287927098859438,20.0,0.9661197660033475,0.0
22.332370486909767,20.148302792765925,0.29288669053141697,40.88272877573033,1.2233436804197997,0.0
22.53686330830605,23.88137456180086,0.2500195860571959,20.0,1.0584628987929545,0.01
22.070860813622264,23.21567856189438,0.5332103862847829,28.417776473962785,1.2260979401794323,-0.01
25.01122175159748,19.137583113680353,0.24817770233903863,36.443416298515864,1.009448644747419,0.01
21.832281166877166,23.86801744528062,0.21106949611073636,20.897496995194754,1.079224619566803,-0.0
24.320290778532907,23.82125905012655,0.07524104361335103,22.288901579672654,0.6830046417255979,-0.0
24.363729188455135,21.721942860525882,0.3651636501392792,20.0,1.0506640287663949,0.01
24.15514393218281,24.03202774654215,0.19886089494300618,20.0,0.834772404152907,-0.0
19.597918623091168,20.56856112175281,0.05885022524403083,37.37301298505003,1.2766195462523153,-0.01
21.41586660924134,22.392340688629968,0.18729750775500364,20.0,1.2139603845048788,0.01
21.7306507747906,23.875871965856263,0.0996394592288381,20.0,0.9433717866701066,0.01
25.08987736591873,22.37426635714186,0.846798940987865,20.0,1.0244279834296888,0.01
21.54823775227381,27.50918842566051,0.3318147635798766,32.73431108984827,0.9464428184853046,0.0
18.631331953918462,20.514050790970387,0.17094316616469862,37.49283155498595,1.5,-0.01
21.50270068601571,22.753751487956297,0.17587857454954858,34.02826099427509,1.099624586453376,0.01
22.495053661521162,22.165691263249524,0.17413947623516968,32.51569674450692,1.0391658262723382,-0.01
20.8675395578108,22.139177458386804,0.6539542594149497,20.0,1.5,0.0
22.43036520571922,23.97361995943366,0.2341285680668042,20.0,1.0492007046955458,0.01
19.127244093372834,24.37555972929268,0.04022555376135411,43.05411748005874,1.0386658453816018,0.0
23.687670815761784,23.88814560188442,0.21635470939906162,20.0,0.9123297563321643,0.01
23.790295862462713,18.6636188317588,0.344633823310713,30.90862623641471,1.2068168917940034,-0.0
21.803533887739388,23.99934740748039,0.2661181519868578,20.0,1.1300743753925901,0.0
23.494542097839673,24.361670651045344,0.6527042888306034,36.285579010763904,1.0138662814060808,-0.01
22.56750808483971,22.666700805161405,0.2800029542375721,29.17358889422838,1.093170422855815,-0.01
23.31030477498631,23.127356765554843,0.7047675530189703,29.54775090452168,1.1253079386044211,-0.01
19.17480107663939,27.69330028255958,0.24720567077898667,23.181384970852324,1.1280509130184453,0.0
22.607626924811406,23.73365282467164,0.16121412448710953,20.0,0.9768443621308424,0.01
23.454011969019835,19.100732683144884,0.09529310483310421,54.27763208086013,0.9826519874654737,-0.01
22.78639847687375,22.940350228844427,0.8236100574035593,20.0,1.2639113758762115,-0.0
22.24381484481708,23.004682226698026,0.16572809413604467,20.0,1.0533469262412472,-0.01
20.56322109494129,25.88875326191524,0.44613458536753775,40.15615400761881,1.1798472631888919,-0.01
22.690922884191796,20.240357074388,0.2119382194459085,48.40095065853492,1.1030756529911554,-0.0
21.95752835601548,25.93529272711595,0.24942851255314374,50.8515550899573,0.8551235850372786,-0.0
23.20284822610532,23.67767331663444,0.47255940293308507,23.49341938877461,1.0830037538146877,-0.01
20.870408797308233,25.135545539618455,0.41386978131892793,20.0,1.2575254345997389,-0.0
20.56935619564076,26.08474437686433,0.3484496564623384,36.59139470856247,1.1217000866810614,-0.01
22.620026545963157,24.03054846069885,0.5295147141468307,29.631236536667082,1.128596362736529,0.0
19.44024943548039,21.581251888896325,0.09225095622868834,38.758684723021396,1.2289067437252363,0.01
23.800879987785777,22.97447094322989,0.10868672331724093,20.0,0.8411742868661303,-0.01
22.53937569264977,23.12929598376351,0.6409854333387992,20.0,1.241773576011377,-0.01
20.5630968516163,24.08851975663321,0.6284153876403401,36.36868273874141,1.3688822949668928,0.0
23.54956061762128,25.81753453913172,0.5728558700782495,34.28647310953168,0.9302415173872735,-0.0
22.07146961833599,23.078834115783206,0.14338531812714214,20.0,1.0294327685667464,-0.01
23.623452984952817,24.75258087270873,0.10146190095892518,20.0,0.709728240328902,0.0
22.295598751413362,23.271887653493174,0.8077754280774858,53.87262958238137,1.1766795480956667,0.01
23.28602957090424,21.678543296003983,0.5533998903090999,28.639228595662335,1.1681806022885568,-0.01
24.257468298100406,18.700421969385168,0.08703069550025491,20.0,1.1180881051963902,-0.0
22.36558102932188,23.70373056852145,1.0,20.0,1.3109953928342646,-0.0
22.456636700025584,23.229387431814708,0.6382535260027004,29.467680433860604,1.21134966376316,-0.0
20.24983148295005,23.641177261748368,0.5035576135090788,31.513069499898716,1.3953914202476538,-0.0
23.407021129220123,25.413822918094944,0.452837237598799,32.94594467223518,0.9207528574108266,-0.01
23.69786731858505,24.26758206219487,0.5984548539095459,21.869960087724234,1.0473662594911664,0.0
24.328060773699303,20.88739769826439,0.253724877997147,20.0,1.0648028716425197,0.01
26.184281692689556,22.85352954724832,0.2279802858651166,20.0,0.7425989254213023,0.01
22.90985719174342,22.001280040986945,0.4665941582960942,20.0,1.2099054245439833,-0.01
23.493108491625268,20.667316857696285,0.20937342409549675,40.20703446456652,1.0343574156326176,0.0
24.874456448914778,23.583345895551897,0.5143225518549518,20.0,0.9243872050465215,-0.01
22.229253644718895,20.878552627494308,0.3352941788627761,20.0,1.2998897298998668,-0.01
25.59356770697939,24.147312582548007,0.45855678442627856,40.571789491676135,0.7368614402253246,0.01
21.00986087109078,18.451048038167848,0.09011772069956758,20.0,1.4107944961927352,-0.01
22.895582396683356,23.067384019691502,0.20103276518117108,20.0,1.0290698999801697,0.0
22.129787244332668,24.444118658871524,0.3158005166390485,26.06654526240873,1.075885066047414,-0.0
22.101214847427126,25.503421831872057,0.6549768141749741,20.0,1.2067024843938174,0.01
19.66724391197284,21.435945376259994,0.06685733873615761,33.374499589091876,1.226376008045817,-0.01
19.445373438806467,24.75493601658612,0.07197933515189102,59.6443394311324,0.9206372017880128,-0.0
26.197391349327035,20.969270157442633,0.22309400428536433,20.803777756295137,0.8438291329128695,-0.01
22.279734053211737,23.864406405179704,0.2603546329109758,20.0,1.0803206657107958,-0.0
21.565684174474377,18.41747421698739,0.3901099738748717,36.327735795612526,1.4554291787602978,0.01
25.610738952299148,22.286318228529257,0.17015524411931593,20.0,0.7932172736817542,-0.01
21.240713294992453,21.467851101041433,0.28755180219331183,35.35511001617566,1.2870980795191944,0.0
21.971669989733577,27.996312361855257,0.05100177258358746,20.0,0.5922126973454753,-0.01
19.498399728116624,26.104466272177426,0.2763671186108992,31.897037296549314,1.1883016428205884,-0.01
22.97566726043134,22.339430641839225,1.0,20.0,1.2899912028973093,-0.0
22.887355896709025,20.970750799084897,0.6035610501587607,27.38873215203953,1.271390424082229,0.01
21.460956794629503,22.145653140660848,0.0803964981193321,28.42440946385355,1.0397753035987973,0.01
20.385961816023652,23.78846541313004,0.07451414983121728,44.41216134362135,0.9580953725225431,0.01
23.832497845830154,21.931409079784142,0.091238304438719,20.0,0.9039142084116459,0.0
21.024896272218935,20.735305236135467,0.5522513322213122,25.48242684781885,1.4856659903678273,-0.01
20.64684617433611,22.772611299810045,0.38466096360209334,31.85787882048822,1.3424758991264913,-0.0
22.65797072976936,23.78749669995882,0.7255098906213662,26.012417497274882,1.2004242066386235,-0.0
20.253938848108394,23.720892378909905,0.011193345749629244,20.0,1.0781907737429364,0.01
22.44133084804051,23.56515359550866,1.0,75.54216032285854,1.0947049450688215,0.0
21.981518744827785,25.076479370829123,0.027922778146065086,22.94254487352405,0.7934559037910978,-0.01
22.370475852868978,21.46471200885436,0.8504810603155653,26.38427939860349,1.3547509046926711,0.0
23.850128637613476,27.021074496479187,0.5688382725971953,64.8509541698739,0.7377405500444849,-0.0
18.42740892481702,27.4209593160031,0.6910799253996021,31.6074026893642,1.4988340624575969,-0.01
23.087211124415884,21.41316886665288,0.1901515953817009,20.0,1.1015111768330375,-0.01
22.869445997710567,21.93004235735785,0.5312309811116258,24.640606590313904,1.2181342923059328,-0.01
23.04647488832041,20.50516098417633,0.17446886831732533,24.508201853467607,1.1459796740565857,0.01
22.65098782077323,21.082528389937952,0.2734153953925937,59.81228242278379,1.0470783748422052,0.0
18.87566750472584,24.439323585665903,0.24920551716035644,20.0,1.3834845554317168,-0.01
26.29687084426996,26.617515649938117,0.9040744526499526,20.0,0.7087109452939053,-0.01
24.154535266817525,24.589859942274813,0.1180972457127205,53.03380964823325,0.5766626675377543,0.0
25.880903346236792,26.242811231408012,0.6801400678414184,20.0,0.7422214984036315,0.01
23.11733222415734,18.79692272249776,0.40112450030463304,41.365537648992664,1.2404280541506143,0.01
22.87756462532113,22.420994172104354,0.2006153045188373,41.36421649815831,0.9825138435088527,0.01
20.44455738428266,21.863674576301534,0.2884204058882344,32.165353443911506,1.3607392320728273,-0.0
19.34324719317356,22.682031090416235,0.30765809502773056,20.0,1.4912123032270204,-0.01
24.61970942199173,22.960524362256788,0.2795614425471437,20.0,0.9076131745786399,-0.01
24.525160202538746,24.368258632049972,0.16727314634246837,20.0,0.7586748212528782,0.01
22.962012337246552,19.638792487218648,0.3799740453819527,66.48486944295354,1.093680243597244,-0.01
24.18707309560065,23.4444956602304,0.49660826613708964,20.0,1.0205882154393064,0.01
17.480289877574904,24.586982508043924,0.25104235375634104,25.615431511571817,1.5,-0.0
23.27504651321333,21.39467445659151,0.08950466750801381,21.705517776079862,0.9741448942303833,-0.01
23.24553483746062,24.516213646869137,0.3461546621136733,26.838699165346963,0.9751880943382096,0.01
25.473462718745857,22.00398058790195,0.3088855557998547,44.94692620990408,0.7789781397559951,-0.01
19.922744893530453,23.128965723059437,0.49102033016967755,20.0,1.5,-0.01
22.190788722781075,22.27647810520968,0.23304313241010038,26.572158209646908,1.1473692380871814,0.01
23.677650067780675,26.445182942489225,0.5208557194958509,26.74504276351812,0.9068871481675165,0.01
18.203415640044565,20.03618043078159,0.08029675410560147,32.905673454720876,1.4640861965941783,-0.01
23.34651663282734,21.834996340082853,0.07257870786009846,40.422675064025164,0.8290061112903603,-0.01
23.877203884115346,23.805059261068532,0.4074080067470055,42.60914711032213,0.9053634952899055,0.0
25.08016308920658,23.042520428255024,0.3220908850408694,32.36401167839126,0.822135920814948,-0.01
23.39455135186874,21.927710940254222,0.1166472535135341,42.232571377737955,0.8704966807168599,0.0
19.958138426019477,21.00746917386362,0.08439298827793826,20.17950912557195,1.2942659476808895,-0.0
24.44101838922384,23.467467035108466,0.4756065614034583,20.0,0.9670390006463929,-0.01
21.711462610541215,23.215383887551702,0.024362907867167494,33.215651359746396,0.9178675266925387,0.0
22.804990427995083,23.560189535101557,0.29142648187387993,20.0,1.0650893515409838,-0.01
20.773591945697476,25.661520022455775,0.23654008973627436,20.0,1.1060792455878627,0.01
23.62509082566318,22.084453711419467,0.2909042525445543,55.12803064851342,0.9255568009482297,0.01
21.18888496227053,21.809700761518144,0.19150205332694148,31.676782924257417,1.2177467555504158,0.0
22.689299244142187,21.853164980334864,0.8033819846101391,31.755679984384926,1.2609294383645795,-0.01
26.28412932994967,21.43308604834237,0.43058047933053917,20.0,0.8691604681845282,0.0
22.987226998194107,20.305833505172306,0.23529991964562136,32.42997320588234,1.1548659376427517,-0.0
20.91227890970067,20.821755440297547,0.1644071228541681,72.18670836919824,1.10941337123028,0.01
24.067162162829806,25.79991132872602,0.7051308027800678,28.888691913496967,0.9283675038944925,-0.01
16.60032337129576,23.557403582408867,0.11839365511561194,33.54335393594091,1.4081211782258354,0.01
19.48740777914242,24.467569197666435,0.24452348734779317,20.0,1.3102151225090428,-0.01
23.168680259514947,20.45627164937914,0.1061733718165509,20.0,1.092284353476131,0.0
18.115560950996432,24.902477456654115,0.2468172270911747,20.0,1.4417693080153393,0.01
23.03872445190277,23.828888282444954,0.5773558063219871,20.0,1.1556451171387807,0.01
22.527192426649762,21.459816275137555,0.44672741217768985,20.0,1.283992939057014,0.0
21.634079094613085,27.698102212172838,0.34859843835963267,55.530486449555546,0.8645061219941906,0.01
23.951461601237682,27.21877484403344,0.2351642880464617,24.08088802375578,0.660786404867677,-0.01
21.688689382031946,24.80700263842486,0.6392593114024944,23.764161077093398,1.2605125034648117,0.0
23.994650212191747,22.71794860589288,0.11395798300755039,30.43030962755126,0.8173484889581606,0.01
23.110266173014423,24.244330586362715,1.0,46.68498266895374,1.0937928076669354,-0.0
21.85496720900824,24.158317454221038,1.0,54.18173010719746,1.2230271209068984,0.0
21.918497353700182,24.437496357479272,0.3767737457323517,49.91470466996676,1.0448850339872464,0.01
26.84665710416684,21.348272289779022,0.3064550207039895,20.0,0.7844282248585339,-0.01
21.21199306515908,22.93040917307122,0.07531779088076124,20.0,1.042004545648013,0.01
22.55948545425912,20.13754865699296,0.20642976902144838,55.309795376823644,1.095127359546143,0.01
24.162736970194473,20.17238810031069,0.31623874227010335,26.44186248445762,1.0930688880328134,-0.01
21.225428570343723,19.107669350774575,0.5164427865280848,31.938578177775934,1.5,-0.01
19.243622942549933,22.99922937790197,0.05920426218308355,20.0,1.2238053360931787,0.01
21.83812322407539,24.663480771698257,0.5763221971314313,64.54419857614877,1.0580520416732428,-0.01
21.964234922622197,23.24078518067707,0.2892382352787827,22.6248037137247,1.157945093126617,-0.01
23.652067881113627,22.751075276913006,0.2568967461130753,68.75811345439197,0.8149939487341438,0.0
23.376653768175856,23.610733807227994,0.1258323972639622,21.62120377340468,0.8545536359448034,0.0
23.634447843833108,21.94749068655143,0.3311811832531551,35.37195379072217,1.0237936790217301,-0.0
23.944929261487157,23.721907612460278,0.90125132916275,20.0,1.1144384308907056,0.01
21.66509916289234,24.682791036684367,0.06401460776403099,20.0,0.8580934876585252,-0.01
24.102184148529442,21.129055984266977,0.46812607253006394,25.87618784276215,1.101149501924457,-0.0
24.97739912053568,23.706715092815944,0.4184399041142041,35.30494127280595,0.8305294868450471,0.01
24.274390019631365,21.587389025949737,0.5280493178990472,50.865505597998585,0.9743406275862104,0.01
23.483796487101973,18.2216759432376,0.019789623976640188,20.0,1.182768871269415,-0.01
22.187498255586554,21.842055379655434,0.33003722541708697,22.048779503776554,1.2335445484724665,-0.01
25.404566885137378,21.014015681721315,0.1911015455230986,20.0,0.9033573776609627,-0.01
23.869151658411297,19.474491701788786,0.18526791332236303,23.91594449490697,1.1475151711676324,0.01
25.074820486758764,22.740696580596047,0.29602080909524076,33.3096463282864,0.8217866357746723,-0.01
19.36213623088024,25.509954102730656,0.07117397061189557,20.178061124591544,1.0286985525991665,0.01
21.57613239121106,21.787500481533893,0.44173862074336107,34.34499396531618,1.296390035332071,-0.01
23.442183582601256,21.91185598992808,0.7267729109382519,20.0,1.2129876913853017,-0.0
23.507329834513836,24.325505634527765,0.28992131754078254,34.93213433990962,0.8945239765442489,0.01
21.636302314964592,20.471866235094723,0.7483009498704001,20.0,1.5,0.0
21.96234812352073,26.534295371997104,0.12385118137549055,20.0,0.7568534099987669,0.01
22.80800632373099,19.74497418199155,0.5669447024353128,56.545704784785066,1.2046643598514035,0.01
25.90248068684094,23.754007493105597,0.6311368232301067,41.364780446702454,0.7527765252951857,0.0
24.588486223879222,24.90580830914968,0.5405712786284761,48.49748699029905,0.7989148924557369,0.0
22.417545396859577,26.02118737158714,1.0,20.0,1.2100902341836774,-0.01
22.439871714800603,21.952352576518027,0.11339060739496867,57.515948362192894,0.8836770538805788,-0.0
24.97403352721063,21.7491260664183,0.4914616215170997,20.0,1.0013024390616188,-0.01
26.19764304112691,20.927627611393234,0.43415688681888015,22.389396506820336,0.8923076294584986,0.0
20.194253340046437,22.78219784847037,0.08831531245591101,20.0,1.1324598301033197,-0.01
25.051550345703625,20.747254802150565,0.03778782147596366,44.41819441565588,0.7515824676785204,0.01
19.512293671124333,23.109027464360874,0.28933498930955415,45.44399689994363,1.3440650174198856,0.01
21.93367995512304,19.893642705605235,0.14369155215701485,20.0,1.2754984418773907,-0.01
25.064268667938684,22.68289835283858,0.20340440278443525,31.16402528578601,0.7896698025481915,-0.01
24.920711661444678,19.04656751303262,0.4414623344009795,52.56869392225194,0.9819546267025521,-0.01
26.31715641113416,19.75335479959404,0.287810979968573,20.71142149816705,0.9202374112583903,-0.01
26.66170838747119,21.80626816173632,0.17084153432903892,23.725860103009992,0.7111318751285909,-0.01
23.39031675670155,24.846701412315834,0.44545698605808337,26.452126498340007,0.9923564631129792,0.01
20.03085052667171,22.326854418641723,0.19464484250032138,23.704757982247884,1.3433606840408325,0.01
23.759561751373507,19.526301140027762,0.24296103873266148,41.05717721556674,1.0952332746627191,0.01
22.560649165355706,27.659765028268772,0.8687737734251061,20.0,1.1125142125913363,0.01
21.90775644678689,19.954328324327047,0.4865600994384715,51.81392138698369,1.2956470910231517,0.01
23.122582003005355,23.621168963510645,0.2763754725316802,20.0,1.0310026046411704,0.01
22.630138410503303,23.54507713772296,0.42537202217271414,20.0,1.1509047900893419,-0.0
21.818406952873207,20.546774684442237,0.14351486687114792,63.9771556115648,1.0549676114592934,0.01
24.778329763637547,21.980267881658566,0.44631003359808324,21.60943843677983,1.0020978069052622,0.0
21.521911879771885,24.733637685672452,0.30578744403775737,21.291801771584275,1.1294403561026243,-0.01
19.87272262278013,25.16000755352041,0.3169911296551855,56.00445412294022,1.1665834866354967,0.01
22.73812942187561,24.061524978641287,0.68500902205364,28.471249698468032,1.1640737745292578,0.01
23.92200603896139,21.63554469753078,0.3972042536275675,34.14565174907558,1.0365652284654647,-0.01
20.015293011808364,24.05560986097711,0.2460157025556896,20.0,1.2843273947873375,-0.01
25.102037134912287,22.622875513220347,0.21578234073797145,20.0,0.8498571742860074,-0.0
22.70329271896026,22.008585967495254,0.5710479447798468,20.0,1.2776456811995445,0.01
22.440288586488347,17.61328320983582,0.25614888576397105,20.0,1.4326305305040354,-0.01
23.32513416458835,20.289206951913076,0.2942667719085087,41.98495448626179,1.0985047121179394,-0.01
22.249418748174755,19.06588831722518,0.8679623163598736,20.0,1.5,0.01
22.917753939013195,22.421813059080876,0.5700202799144496,29.605562127571268,1.175112337368163,-0.01
24.386262332072963,25.736614929328226,0.2353215329846078,27.27173764780418,0.7029889768740843,-0.01
25.431951299198456,19.519968445573962,0.030852820014397528,34.85406824124313,0.8563326246064813,0.01
27.959151115191673,18.76006048778752,0.4311769076856118,20.0,0.8192037425067837,-0.0
19.929724227630942,25.56027706754234,0.06228327110040669,29.121334493799306,0.931331267935436,0.0
25.07267197940394,20.514167652610517,0.4528383151911868,20.0,1.043714872115244,-0.01
20.183916911587694,22.044853115204152,0.2588751338992972,58.74333118174204,1.2329151331615549,-0.01
23.538745179695923,20.879775109430234,0.7734890277764632,21.9408593177491,1.2367331359648592,-0.01
27.756434914118806,21.238752089634573,0.28181674564331655,39.083257747858596,0.6133380209949137,-0.01
25.068215627066085,21.21142115974263,0.15856814508420947,23.541671908034125,0.8977281429372431,0.0
23.33714874405989,19.851546462816323,0.3931277947370454,20.0,1.2550197459044254,-0.01
20.674545583599507,24.004677475823023,0.6056097417983821,36.38199390778116,1.3384425234022364,-0.01
22.011640217914547,24.582006669266235,0.6393409865105378,20.0,1.2547575841464331,0.01
21.64168718183982,23.461730473000305,0.5799353494387439,53.93170219748396,1.1876140780563562,0.01
26.006934206225907,19.669504816361133,0.4625377036183011,30.625426146919104,0.9477449960312141,0.01
22.854655779202485,19.425756447040946,0.17238218179227577,20.0,1.2639217457807508,0.01
22.754961011758674,24.034179809591013,0.2644955489565676,21.14422918982687,1.0120322417703762,-0.01
20.593272629759394,25.075402825228267,0.31241030383011403,20.0,1.22200535276574,-0.0
22.049702127107608,24.307291901362746,0.16803039003128523,51.51382695591721,0.8625413532016997,0.01
24.878905208467554,25.09652635330161,0.3058561710098947,20.576898030686984,0.7668037037390882,-0.01
23.686021671654256,19.41491811950868,0.645232628989962,36.1685855995989,1.2058396975902281,-0.0
22.05914346459109,24.78540765809784,0.46858184067716685,45.34426765972307,1.0611576889137873,-0.01
25.693624090833918,18.98495888050696,0.05923524231715099,20.0,0.9517753688708729,-0.01
23.97990797439283,19.22870310627701,0.5204815239935651,20.0,1.2390334857124228,-0.01
26.235467025806436,21.564253821996566,0.5843981875501248,41.847270796055476,0.7940764483178708,-0.01
24.650730590184367,20.134597145112398,0.31141715417636706,20.0,1.0928771965725763,0.01
20.747319234741596,21.174092720522665,0.19787437613271003,20.0,1.3657118906380292,0.01
21.133971089759264,24.884566559360117,0.10755368879174915,24.584458405340705,0.90679633787609,0.01
20.34752639579178,27.891058620196507,0.4970468024423704,59.87434435961694,1.0712805192515806,0.0
20.74808135543872,22.02985171876044,0.14773055137093313,20.176884066761914,1.2545709922569592,0.01
22.88760517959452,18.375391416020605,0.41427715903647083,41.0445845961603,1.2894056821881175,0.0
26.06205906082797,20.487335152685908,0.13657296350371328,32.09473982834058,0.7997890680313033,-0.0
22.280371157098397,24.012809906570578,0.584907173714744,47.73989144618009,1.1097697159556212,-0.0
23.3422914717163,22.559398519196282,0.4525827307246495,22.220489063527076,1.1377618438008679,0.01
19.265628803582842,27.260280268496693,0.6112653957390871,20.0,1.4200921348384041,-0.01
23.33702578515214,20.944404810287292,0.19610968765025305,20.355398210595165,1.1248060488411484,0.01
19.99127550154503,22.708314566704622,0.12569475908500724,21.216814637559935,1.2230985939577113,-0.0
18.46090707973343,25.589094652594746,0.0787833496443216,28.005920926743784,1.0679471117156822,-0.0
23.325246241939624,21.42248567501541,0.6483194042876734,32.694679751986406,1.1902058078385467,0.01
23.034700766406377,23.137386167766756,1.0,20.0,1.2641000979811057,0.01
24.38640835012033,22.07284700059202,1.0,27.23957504757243,1.0972679569366846,-0.0
22.54004244579041,18.989674798547853,0.31671367893317776,36.981671682799586,1.299584651818023,0.01
20.816032467848608,21.122371524445764,0.26040751203122925,62.85472462030954,1.212603917111731,-0.0
19.201930239782598,22.17307620609823,0.16824132975050493,32.15182334278163,1.3675631935591652,0.01
20.458531120133703,22.619577116028736,0.04749305152089668,25.358955728425936,1.1082534369583512,0.0
21.579944606149073,20.388838264940933,0.3434798851549803,22.70552265252454,1.398608242604945,0.0
23.055865825917632,22.157840938460307,0.057317430860392565,50.74098220119949,0.7989318972605903,0.0
24.39100297780711,26.089472121641023,0.3730952766992446,40.147748667151376,0.7253840294903473,-0.0
22.64821632952694,24.836015202890884,0.8135599687875681,20.0,1.2104912366791687,0.01
20.381289190714966,21.63849666502806,0.0675445455528145,23.818945070299858,1.1931896826555493,0.0
22.827290209022806,23.527852493493338,0.39584507581258443,21.95363514971168,1.1126779479613222,0.0
22.0639708462619,22.611921658933774,0.4272192779429575,31.547878213861175,1.2153347126603773,0.0
21.60650936435041,20.60775494257945,0.12558128382759257,38.25267720565007,1.1609782395105226,0.01
21.238030384257726,25.21640589206149,0.1183979743069265,25.31555576466821,0.8854023054926924,-0.0
23.03748906936887,20.56109323876426,0.25062589345100944,27.515324048663857,1.1722329133292215,0.01
21.366713030536793,24.98858165910285,0.5401675151748097,20.0,1.268799984368139,-0.0
26.60372397009607,18.18933208555121,0.33087198961936054,72.02720313638838,0.7660625632644265,0.01
22.601684835685038,20.350117917223884,0.740026690217511,35.54525994084288,1.3068213947328982,-0.01
21.9676769535243,22.201312088490248,0.21918806686074613,20.0,1.1889130417228138,-0.0
25.560894669054203,21.331668983141984,0.4072858477714853,37.56368245537793,0.87683003558554,0.01
21.68766446811995,26.450949993458813,0.05706702720752848,28.248669653234202,0.7052515771482949,-0.0
24.83562199926225,22.815165719089993,0.41048476354234603,20.0,0.9400933294490368,-0.01
23.049039399115255,23.194764246916357,0.9987778879419814,51.969814490362765,1.1234764199478915,0.01
20.95315950813795,21.3915936254391,0.304707733554461,20.0,1.4052694222875217,0.0
23.076539008871396,27.17975589035003,0.2474321112570261,20.0,0.7875719691882368,0.01
24.97359228281491,20.68395270317312,0.361625837886143,24.666414392296247,1.0136722557533324,0.0
21.31539249764342,23.079400162917498,0.18603295141105525,23.82988688733711,1.1564970119065874,0.01
24.00271119220901,17.70048408533812,0.4382128994191046,33.224508423423835,1.2353193242122302,-0.0
20.948438113057698,24.042327050392114,0.18798600989931136,38.14619417940412,1.0522582630668125,-0.01
18.102266069582228,22.37105641794533,0.13131958269474275,59.0059695717467,1.2672565386946213,-0.01
26.198320038755924,21.481033002191925,0.6708168214324346,27.686201111945675,0.8816463569928644,0.01
23.426085458438013,22.785819031840262,0.19529038205353877,20.0,0.997673300002757,0.01
23.052595128725592,17.55139147580834,0.3509745625631544,20.0,1.4068615668491555,0.0
22.810145956272002,23.253856247139147,0.2535626942103048,48.14847704567568,0.9343790488613868,-0.01
21.04866061354304,20.05985789654015,0.39096789275205834,20.0,1.5,-0.0
24.538498393893498,20.070852916817316,0.1759063057700624,21.699970453836855,1.0425678962547946,0.0
24.367115864781,22.63964950341333,0.19478118792577714,20.0,0.9129070169967699,0.01
22.117058981452747,30.0,0.4895618803671152,49.81751754825757,0.8006513981019489,0.0
21.19288202659072,23.254347876947822,0.1017362192872605,20.0,1.0235342234614766,-0.01
24.999153107457122,21.468677371320688,0.5548763993486893,42.854466179865405,0.9365627510886385,0.01
23.13354537050924,18.181145734194303,0.4162854072630448,37.17805578214228,1.2916798270260166,0.01
23.100720624065964,23.076583897863035,0.15777340045734622,44.469872525655724,0.8567714628392439,-0.0
21.61726359729272,24.764294751341442,0.4125290341862227,52.225241400979684,1.0581278155271698,-0.01
21.15906300954513,25.439061953316642,1.0,46.23443969571006,1.2799660996751905,-0.01
23.416213524175536,22.56525110130441,0.4255994988535191,20.0,1.1143577281623855,-0.01
21.75607364375555,19.382953237771474,0.38666342502075335,20.0,1.4691848875749818,0.01
23.20480196425512,21.863020728759075,0.24553560139547878,20.0,1.102335393269378,-0.0
19.395554702318428,22.039768133240933,0.15687806091253795,46.62793202393267,1.2751331991139865,0.01
25.722311435354257,20.12637291929844,0.05648473150034144,46.29542250664235,0.7181491022752955,-0.01
22.435526297836592,26.655556599753663,0.32513852330433674,20.0,0.9466726778664735,0.0
25.415129883255123,20.304784888329,0.5538389100272696,37.3422410809756,0.9645521847821416,0.01
21.330893593167144,20.752040305158562,0.36891350947987556,49.12606860828193,1.2825966798491466,-0.01
26.654656370243224,21.69640658128832,0.33814824324292503,20.0,0.7993241192545978,0.0
21.596885784078005,22.324072759433932,0.665277267507842,20.0,1.3971957011698672,-0.01
21.436749948611915,25.310288486199187,0.3464908497597492,35.4351866776965,1.0893210532554074,0.01
21.697633236844265,21.40599792056431,0.29341610271442625,51.071017415670916,1.1758030619403679,0.0
19.109707770581117,27.035370330389267,0.27631489000531617,20.0,1.2143731350667837,-0.01
20.324407250417835,21.390310943443595,0.2837836196791525,20.0,1.4638318047348091,0.01
23.544155066816394,17.755532552344903,0.7986286975303165,31.16073200826538,1.3220448595629457,-0.01
21.382512327804708,23.992626819826143,0.33553819273757846,20.0,1.2172167081721499,-0.0
21.146838990972412,29.006859843567952,0.8732840184480394,20.0,1.2171310855141793,-0.0
21.532223942499044,24.667236359636913,0.39341380705796314,29.333668133897778,1.1547491540885386,-0.01
24.967199076137927,17.466742258231264,0.029262578331937007,31.01633435064154,1.070780555693951,0.01
18.912547111699144,24.455544140344223,0.630037996621992,60.313255707556124,1.4501996831866577,-0.0
24.827522873599676,19.925396621780006,0.32301462384170293,27.60268512617698,1.0392799023917811,-0.0
23.82808062579229,23.78008433033672,0.26097135368739566,38.722298796268326,0.8457145247414669,-0.01
22.05312866356971,24.098935599586138,0.42378641185593485,20.0,1.1974730429010159,0.01
20.718261201194178,23.411942742196114,0.03040070180713207,20.0,1.0599441511337175,0.01
25.179775656330953,21.417608990986384,0.3807838212628667,53.30371250775667,0.8360511272189592,0.0
23.951771600747552,24.216544268193203,0.7404207133564955,20.093302880106737,1.053621145214509,-0.01
19.760754490169273,26.0661392256945,0.1487137633747562,55.053621660114096,0.9077111516272842,-0.0
18.548687279629743,28.45239586536106,0.046346683679750575,20.0,0.8728272355054554,-0.01
24.06634826946046,21.37281714836701,0.2987427616286116,36.525803120449126,1.0004256286556408,0.01
22.37052834294703,23.364471642410145,0.11309125945140719,23.187530404234103,0.9358553841372725,0.01
17.834012848725067,26.244083709168724,0.061243854636690714,72.13884111250546,0.9471363147988103,0.01
24.064742643078898,19.45592116218878,0.1717404946049531,59.13321945092939,0.9467603327676851,0.0
19.667164189803948,20.256512212429342,0.32526520868246833,45.20585666319931,1.5,0.0
20.728144576932802,21.05980068423943,0.20414245465472558,20.0,1.3876286505504887,0.01
23.486164990713927,23.840280632673217,0.2404224892576756,21.671729356636437,0.932247738351754,-0.01
23.570975165243816,21.32900782487274,0.29433770334947107,20.0,1.1221026584527733,-0.0
22.68453629619761,25.82115496532537,0.20987768348150052,20.0,0.8787178463342292,0.01
16.673085478133487,24.537388737795606,0.19833021811266605,41.888875535609394,1.4567996867766957,0.01
19.451187087826238,21.564911622293323,0.285709741369468,26.65295937875527,1.5,-0.01
22.46933911264218,21.87556493237396,0.4487986417247961,20.0,1.2791501616730718,0.01
21.998385070791972,21.495299603190535,0.3046866302582918,20.0,1.2815820811721845,-0.0
22.919451927869172,20.278832786404834,0.23616815840483874,20.0,1.2238170436761902,-0.0
20.840388369099426,21.643064104918817,0.3212228220696928,28.01120530836733,1.3784560129672085,0.01
19.276822529655476,25.985760324423406,0.748792852412804,40.56126002166415,1.4594415490739092,0.0
24.602661930987864,23.442327514551458,0.7386275104753546,20.0,1.012003675796763,-0.01
26.254375904413024,22.166908759996158,1.0,20.0,0.8947392759393252,-0.01
21.518753144629773,20.35213676842771,0.14050640862466904,25.83278336376634,1.253570531058874,-0.0
23.712820292334584,24.64226591179677,0.1446961405278694,24.030736716537483,0.7548060085730606,-0.01
23.86537313018019,23.664455617469265,0.3542866365051853,20.0,0.9910891015788014,0.01
20.345399324720727,28.154450727401425,0.4384200451121557,28.37989238173308,1.1306608255939659,-0.0
22.569704050914055,20.58784249398713,0.21583945386778863,42.810073247968745,1.1194224844594034,-0.0
22.101246275758182,23.752185139904388,0.5109893573014808,61.680785734547385,1.0622393139728223,-0.01
